-- MySQL dump 10.13  Distrib 8.4.0, for Linux (x86_64)
--
-- Host: localhost    Database: CESEats
-- ------------------------------------------------------
-- Server version	8.4.0

/*!40101 SET @OLD_CHARACTER_SET_CLIENT=@@CHARACTER_SET_CLIENT */;
/*!40101 SET @OLD_CHARACTER_SET_RESULTS=@@CHARACTER_SET_RESULTS */;
/*!40101 SET @OLD_COLLATION_CONNECTION=@@COLLATION_CONNECTION */;
/*!50503 SET NAMES utf8mb4 */;
/*!40103 SET @OLD_TIME_ZONE=@@TIME_ZONE */;
/*!40103 SET TIME_ZONE='+00:00' */;
/*!40014 SET @OLD_UNIQUE_CHECKS=@@UNIQUE_CHECKS, UNIQUE_CHECKS=0 */;
/*!40014 SET @OLD_FOREIGN_KEY_CHECKS=@@FOREIGN_KEY_CHECKS, FOREIGN_KEY_CHECKS=0 */;
/*!40101 SET @OLD_SQL_MODE=@@SQL_MODE, SQL_MODE='NO_AUTO_VALUE_ON_ZERO' */;
/*!40111 SET @OLD_SQL_NOTES=@@SQL_NOTES, SQL_NOTES=0 */;

--
-- Temporary view structure for view `V_GestionComm`
--

DROP TABLE IF EXISTS `V_GestionComm`;
/*!50001 DROP VIEW IF EXISTS `V_GestionComm`*/;
SET @saved_cs_client     = @@character_set_client;
/*!50503 SET character_set_client = utf8mb4 */;
/*!50001 CREATE VIEW `V_GestionComm` AS SELECT 
 1 AS `COMMANDE`,
 1 AS `CONTENU`,
 1 AS `PRIX`,
 1 AS `RESTO_ID`,
 1 AS `RESTO_NOM`,
 1 AS `LIVREUR_ID`,
 1 AS `LIVREUR_NOM`,
 1 AS `LIVRAISON_ID`,
 1 AS `LIVRAISON_ETAT`,
 1 AS `CLIENT_ADRESSE`*/;
SET character_set_client = @saved_cs_client;

--
-- Temporary view structure for view `V_GraphPrix`
--

DROP TABLE IF EXISTS `V_GraphPrix`;
/*!50001 DROP VIEW IF EXISTS `V_GraphPrix`*/;
SET @saved_cs_client     = @@character_set_client;
/*!50503 SET character_set_client = utf8mb4 */;
/*!50001 CREATE VIEW `V_GraphPrix` AS SELECT 
 1 AS `Benef`,
 1 AS `Jours`*/;
SET character_set_client = @saved_cs_client;

--
-- Temporary view structure for view `V_PrixComm`
--

DROP TABLE IF EXISTS `V_PrixComm`;
/*!50001 DROP VIEW IF EXISTS `V_PrixComm`*/;
SET @saved_cs_client     = @@character_set_client;
/*!50503 SET character_set_client = utf8mb4 */;
/*!50001 CREATE VIEW `V_PrixComm` AS SELECT 
 1 AS `ID`,
 1 AS `TotalComm`,
 1 AS `dat`*/;
SET character_set_client = @saved_cs_client;

--
-- Temporary view structure for view `V_TotalArticles`
--

DROP TABLE IF EXISTS `V_TotalArticles`;
/*!50001 DROP VIEW IF EXISTS `V_TotalArticles`*/;
SET @saved_cs_client     = @@character_set_client;
/*!50503 SET character_set_client = utf8mb4 */;
/*!50001 CREATE VIEW `V_TotalArticles` AS SELECT 
 1 AS `ID`,
 1 AS `ID_commande`,
 1 AS `ID_article`,
 1 AS `Quantite`,
 1 AS `prix`,
 1 AS `TotalInd`*/;
SET character_set_client = @saved_cs_client;

--
-- Temporary view structure for view `V_TotalCommande`
--

DROP TABLE IF EXISTS `V_TotalCommande`;
/*!50001 DROP VIEW IF EXISTS `V_TotalCommande`*/;
SET @saved_cs_client     = @@character_set_client;
/*!50503 SET character_set_client = utf8mb4 */;
/*!50001 CREATE VIEW `V_TotalCommande` AS SELECT 
 1 AS `ID`,
 1 AS `ID_commande`,
 1 AS `TotalPrix`*/;
SET character_set_client = @saved_cs_client;

--
-- Table structure for table `articles`
--

DROP TABLE IF EXISTS `articles`;
/*!40101 SET @saved_cs_client     = @@character_set_client */;
/*!50503 SET character_set_client = utf8mb4 */;
CREATE TABLE `articles` (
  `ID` int NOT NULL AUTO_INCREMENT,
  `Nom` varchar(255) NOT NULL,
  `prix` float NOT NULL,
  `ID_section` int NOT NULL,
  `Description` varchar(255) DEFAULT NULL,
  PRIMARY KEY (`ID`),
  KEY `ID_section` (`ID_section`),
  CONSTRAINT `articles_ibfk_1` FOREIGN KEY (`ID_section`) REFERENCES `section` (`ID`)
) ENGINE=InnoDB AUTO_INCREMENT=1015 DEFAULT CHARSET=utf8mb4 COLLATE=utf8mb4_0900_ai_ci;
/*!40101 SET character_set_client = @saved_cs_client */;

--
-- Dumping data for table `articles`
--

LOCK TABLES `articles` WRITE;
/*!40000 ALTER TABLE `articles` DISABLE KEYS */;
INSERT INTO `articles` VALUES (2,'Wine - Merlot Vina Carmen',9.59,1,'snbijzziijlxfhvdygvmoiaqnzsvqitrfuwxuhaqanktqojpsxmyvzxfgdmqulgdwnqhhrage'),(3,'Shrimp - 31/40',73.71,1,'upkfjbdvjqwqoraowcxqgamgtylqxysoqwxvlhanuoqfvzkahwyvcnuuwkqhuicusdcvagwwy'),(4,'Samosa - Veg',26.69,1,'nsxjlglwqzptpzurkparsmwwmrnqjpongwqhgdkzufumdkcldptcyxtocpyjxonjjbyafnbvy'),(5,'Sauce - Caesar Dressing',78.37,1,'mldytlynxfzhmpsonuqegmeunxpqgmwqvwkoowtrhxmoelqftfipxvvstynesaizdvuretrgw'),(6,'Hersey Shakes',29.12,1,'ihapbybddidciazideivwxnsrtdfimtbddniowoavdcnjdfqvrmnogvdbzbvcftkivtuirhgj'),(7,'Nectarines',98.27,1,'urfyckgspbrisqdrpivjttwniykyeixsuulqobwwxugmttqoqyslbsbjqistvpccmunhaapnh'),(8,'Chilli Paste, Hot Sambal Oelek',86.03,1,'skssrlaqfsapyqzvtoupomvhrjhcxcdymjwbssgymzbrbrdwpyjvoffynnkhdvqgxkbhipmdu'),(9,'Mustard - Dijon',94.48,1,'ejjqxtqxjztnfrvvwqafsoubakvcfeciifuzaobvwelffsbkzgyuwzmojsqurgnzeswnzmwfj'),(10,'Whmis - Spray Bottle Trigger',52.81,1,'skxmrmnbhkwlikleemhfnrwbdoywnlinqdfhxcfjigasiztrzabewcrxmrivbgshowfubkgvw'),(11,'Appetizer - Escargot Puff',63.55,1,'dsqtbnwfijwayctwybsakyexnfktykcyacdbhuszkphvpjcfjperwstszgbaiikhyiungyjcw'),(12,'Wine - Red, Cabernet Merlot',16.29,1,'zegughptmruvgvzvjatgopjqygnxevawdhnzdtmadqyneqkxczgyajaybzajwsxjmvrdizgro'),(13,'Puff Pastry - Slab',60.38,1,'vrysfoeeouzbcbdsalhtlxzmklupkjaeacrsoyxqdwcivardlkvyqtwhmawvhanufhkzhrucx'),(14,'Magnotta Bel Paese Red',65.73,1,NULL),(15,'Puree - Kiwi',13.89,1,'rrputncqcedtvkpksopapunpbgnbobworenqbjzjvgdabxpzbxqxuzuhgucwvexhqobrefxjz'),(16,'Island Oasis - Pina Colada',37.81,1,'tqpghvphjxqpuzggnpnpjumwssimcslhsdrwkcwcebigronlfaivtcllejsifkmuvyjlsgyks'),(17,'Chocolate - Chips Compound',4.26,1,'kfnqgkwjeqmnhfqrgozdtivfdkeoeoeyimkcwrlfsypizivjmjhecpjsslcghdczbdwzhdyyj'),(18,'Lamb Tenderloin Nz Fr',83.26,1,'ouydnllsfjzwgsmsqplpvenvflsgddgbpiwgxppzpzvyffmpmmywhaaierjfdltrlkskqfrqe'),(19,'Lidsoupcont Rp12dn',64.71,1,NULL),(20,'Extract - Rum',53.53,1,'vwrncclifsmezfrxuuwyjxqcjswhipvqlstjduxljnxsehkwvbxtegcrwvrttxezrrzqwtmmr'),(21,'V8 - Tropical Blend',93.32,1,'fqcjezdngaenqrigjudckyipaxpkknuqztkyrhqonhcoarusimiadlhdmxhkvzbatwnhfxgiy'),(22,'Soup - Base Broth Beef',6.25,1,'xkgixcnbqdvyunbmtsgcunrsmmvabadqgygbiyevxwstofhuruvqinhrsdedxkteeizsqtiha'),(23,'Turkey - Oven Roast Breast',27.89,1,'yfieafttiqufehepuskgybvjbhwceikmfpcgtxgyluzalonhdrcpkjnmpqtceqmkcfusizmik'),(24,'Banana - Green',45.05,1,'eqjonpiiwuuzpygfblrekuqxhsdktogeofmuqgrumhwlteapcvjwdmmsgsdsyjhuakwwdsvux'),(25,'Plastic Arrow Stir Stick',36.47,1,NULL),(26,'Juice - Cranberry 284ml',69.89,1,'jgdknpfdsfvlzeggfvnvudugbhzzdchhlkifysxdnxygmmoossukefrereiqvmnlipywvvcjw'),(27,'Vegetable - Base',74.79,1,'zlexqnyoszjlzrzitkdjjvkbzlcoyoasmzzlqcjdiuiejvwcxszgxiaqmlsliqklaboouhigi'),(28,'Lettuce - Treviso',36.09,1,'swfgmpnjsqkbgotfwiajsjcemvtrxoucthjganovfjcrpdmghvjjkcgcsqywyjrdeureyhejo'),(29,'Wine - Rosso Toscano Igt',5.37,1,'tikziuzypjxxlhmzlhymigjuunxkdjmwgtmgwdhtnxxvytmyzrbqcmxhdsmtktkvtpqbpotyq'),(30,'Extract Vanilla Pure',42.21,1,'bnbvbgkuytkgygyuykxuttfdqvlwuzxmgkrkilruhfupidjnfeqefadmpyztdmrkerlrygcln'),(31,'Soup - Campbells, Cream Of',61.2,1,NULL),(32,'Cheese Cheddar Processed',44.76,1,'vhljwtyeseicijfqfxxokpljkdbvjlvftdymolgiaprlmcdrsbhfpuopgcjpnqiwucipepobo'),(33,'Table Cloth 72x144 White',84.95,1,'avxnpdadakbvtfuqpbvvyafwhxzvkdlvgcoprqzzmcdtgdxvaaldoswvupxhwnxkkeamivlxy'),(34,'Soup - Campbells, Butternut',44.45,1,'sqpzfwpvjposctzugfzuprmibkpwtfbcgiliofrpjlpjfbrpteraybhdngrikgvvjmbvqzjab'),(35,'Bread - Sticks, Thin, Plain',40.07,1,NULL),(36,'Water - Spring Water 500ml',7.75,1,'pdoldpthszkrxloxggshtnevccdvdvnyrycoyrksnurylmpymgruhgybakdseiygltdzjiydf'),(37,'Bread - Petit Baguette',7.35,1,'ouwfzxaajetpqgmytufjxlfjwwwahzjpllocqbmkthdvmrnopmbyijcdbmnuoykqxaefgygeq'),(38,'Cheese - Wine',17.41,1,'omqcxesstrchlhraitbjprobyamzugkxtxomikpsqdkofckgtvpzuqfafckquwntehiungord'),(39,'Chinese Foods - Cantonese',32.75,1,'yrwrivwxoelycaidohnpyffypfgndiligxscrzfbdkapnnjemvarlebxwjdyoxbmmkdramyoa'),(40,'Beef Striploin Aaa',12.16,1,'jtcauehnkxtedvdfowerwwouadavhfhtbgoyrkktgdzsiaiiwcolctysmuaseflvsrhrbuirl'),(41,'Oil - Olive',95.62,1,'fjyrorafltgxjpmdjvsqoqyodgtazcnfzdfnrvvhjemwnnxzmrwzieohoancxyapktqvlccat'),(42,'Cranberries - Dry',16.43,1,'zofwmqqltqnoprewjsabpvpighwhimdmvkeddajksbdngstoainzawyhcxbvdgcpbxjnpfypi'),(43,'Galliano',9.83,1,'ntxoikrtliymehynhcoxhdoztneunmwheuzvksxywfquctrisevoijprsscbmrjodwbsrebtu'),(44,'Sping Loaded Cup Dispenser',79.77,1,'yrksyypckblojdskldqiinbnccfmxvcqmvwsbicjlivgewkvynjfrlkusofgkqtljdlqcmrau'),(45,'Cheese - Brick With Pepper',87.61,1,'yljkcsffkcwqwphacpeiwnxvudbfsxzjsripsjdmvrlmwxfvomuyutaltsrbstncpuvoiuqft'),(46,'Sprite - 355 Ml',58.05,1,'xsjnkjcmdbivmqxctnuwizucqrnsrdlzpuwfrnhhwgzuevqdirztidmcacfiysbzsvtmtycog'),(47,'Horseradish Root',36.02,1,'bnucjexbkgmyxkepuofqwbmsmuzltfxorczegwemnbgqkpqmylbsmnyxqxglxqjevoxeckhuy'),(48,'Bread - Multigrain, Loaf',26.69,1,'ppvicnusurpbmupktwracsknkupgwknkocgrpuzhysgruyamozuecvzhbrkxfdworngpixhwz'),(49,'Cocoa Powder - Natural',45.96,1,'xqfmmztqzkpntfljetaypwgmxrodeysvgucpbwqkvfgpjfhynfcdgoguhzyvanbceptwuslul'),(50,'Crackers Cheez It',45.76,1,'grjydwdkleykuvpwcmaslmcfibxriusljsnogcgytrbuctcmkvawmsubktqprktuwygyzzwor'),(51,'Contreau',8.72,1,'vbgiqunoynrnrywbvekgrbytpllddmrbsjyqzotagaulvhevyrywtmyknenamtuvrxmfxruay'),(52,'Cake Circle, Foil, Scallop',22.7,1,'sxeagdlxgfxhfqqrvegkxfjkowozqmjexvjmrlpjuclhrirtdvujpqyxzufopdbizlymexowc'),(53,'Cabbage Roll',77.24,1,'qccwfopwwjnhnfuymljlcyembtavgycaypqgdckindlhagjaznmzwlkuhbcufmizcwmpgewfb'),(54,'Wine - Gewurztraminer Pierre',39.72,1,'caiydtkhoaydzyxqyklgyhgwcigmopwrjpuqbtzlasdpvpbntkkixbkqasyxtrcdajmpbrkkk'),(55,'Muffin Hinge Container 6',73.35,1,'pehanvrxcxdfmocovcylwjnpbhorxsgnrdthamzwokjwnluwokvnktmkxrdkyzznkhnrdmbok'),(56,'Kale - Red',99.93,1,'bpzttnuqoplqbawpuzvfyjmmkxtjjgzpcrwmflstvpffyjalfuagixqzmzyekywasoqeboklr'),(57,'Puree - Mocha',55.55,1,'cwiwbyubdkfjkwppkkryajmrnsbkszrcuzceklmvqintpckeavfkfsujlehjnkligqhqkjcnx'),(58,'Beets - Mini Golden',17.49,1,'kepdipowfgcqppmddinoclwtlhotzzxnzlhbgvwoowextxtpqswynnyrylphjysyedaxnxqip'),(59,'Veal - Tenderloin, Untrimmed',61.65,1,'zvktbnnpbldtjoscgrpxxelznteqfzxtkgrsaemqmrofxzgnvlqcclfsohyncscnhwuvzhjhn'),(60,'Cheese - Grana Padano',74.87,1,'aoirsqbaljgtsugyvdyjmhlsrmbkexjjmoghvzkvdxhqbjqlfyptucygzryqytnoauasilgiv'),(61,'Lettuce - California Mix',10.51,1,'ylqqlwywbneukucxhwkexkcyicxkgxkmiqhpcjqdgxhakntjfxehasjfqvqettbayfroyvagw'),(62,'Cheese - Taleggio D.o.p.',11.21,1,'mjyudnaffxkxizhxyasernqdktuqzuccnhuwylmgjvamtpsuepahfbcscsilzelyltellgaxo'),(63,'Oil - Shortening - All - Purpose',82.33,1,'qqcburizzhcumpbrnotivrwbbrzikedqvcpnjgnbkkhqmfnxpygblhamvpmvtbkjbzzjfidxa'),(64,'Pork Salted Bellies',64.69,1,'mtildnsnbiogcetlbzieedhnsscigbejleuiylpzhgqlyycwihelwftrmmtlmdplxcmeocalb'),(65,'Wine - German Riesling',74.9,1,'lnvdhdsymnwcndyzfuyzmpdhwafofanulhisbmrhfhdxezuwfqfazpsufuajfuikahxikfjps'),(66,'Shrimp - Prawn',71.97,1,'wbqqttkqtvudmuycmudjptbfgsgxfgyfdhxgahrqzqugywahtqdhzoxfnxllrllfyjafvxdni'),(67,'Lemonade - Black Cherry, 591 Ml',96.31,1,'ermptcjbzryrikszrlfvnwilnglcgygakyclhqbghjfazxmuwmjwxctttkrbtjwbqvbbzcigf'),(68,'Island Oasis - Raspberry',10.2,1,'nwyervqseopamseiogqnsbjynbmqptcdsfmtuyfjbakjrssziykveackuvffajkvorfqofrrl'),(69,'Carbonated Water - Cherry',35.35,1,'nhkygswoiexhbkmixkdcjwijedjxywhzemixahynlxapphltphmkavlunjownnesijautpvfs'),(70,'Cheese - Gouda',76.43,1,'pwmjfmnrwkcjqinjjrrsvpsyxhtuovugzwllekqynpnawntreiszeunqbcvdrjmqugcswwtmr'),(71,'Calypso - Strawberry Lemonade',71.98,1,'eifqeqkfivjmrlmanqqdwotydhhcfcgnuwnihnmtvmqlqcwgyukwmzcuqolfdcmwfohmezpnj'),(72,'Garlic - Primerba, Paste',51.76,1,'ovxnvayvgcmxvjawavcjmswerctmavcjdjawlcczqxroabfmzupauaxjxugssuctvrxhgbmgb'),(73,'Pie Shell - 9',43.8,1,'kjvwjqjbwdovkylgrldsbljpfzvxognsuoskuvabyoymcswixgyvvansrpribiufstiwgcnno'),(74,'Lid Tray - 16in Dome',9.58,1,'curlsldlqunzolgkxjbcuefxaqxbizazuyungjdqhubvevnuwpkppvaoxdddfbgyvumgimeum'),(75,'Soup - Clam Chowder, Dry Mix',39.26,1,'alkbdllrlikkmdjqwmkoyaacnbwgajfqhxrfftitaomgnpshoolykaxmoaveuslcgiwahingc'),(76,'Mussels - Cultivated',86.33,1,'moezczejltzaymciorodeiulrdcwjvrbmghztuwqdcuxcyaycosvvvitxdrydwjgfxrfigkas'),(77,'Flour - Chickpea',2.96,1,NULL),(78,'Sage - Rubbed',74.06,1,'pxgknxhroiousryvdkyvtkqaezxnzxmdydezswzxdmfhgcwyaytpafvvtelqhgfflkmaeikns'),(79,'Sauce - Plum',46.71,1,'kepmnacepzdtmfdacofpiqmivwobqhmdegvbtvhuuhcpzbnwhjvgtxybbmjrbqbawypqstnzo'),(80,'Kellogs Raisan Bran Bars',12.69,1,'fwxllnzmnxngwepxtfccqyfwwmzglsblmcacemoefaxltaowxlqapoxvskfswncrlsqyzfzym'),(81,'Squash - Butternut',4.21,1,'kpxjvnjhivotrikuncocibjrjitplvoyklbhgetsxibachfqkvoduvazkmgtezznmjcxwzfhf'),(82,'Soup - French Onion, Dry',30.98,1,'bcpkglwgejlauphzmonrccwdgfuyhpoczfmxhhfqpzvwqmgcqfvscyvuczftnquhrpmjqjrbf'),(83,'Salt - Seasoned',95.5,1,'qfuvvyhcihkwhttitdynipetbyefcnvecqwegwyfrkulmrfbklstbwldahhxoodqngckpkkpt'),(84,'Chocolate - Pistoles, Lactee, Milk',46.59,1,'trkrkqlnvpfnhidtwihpbkaduftfaqtydajucuptznixzdwzgzjsvdkxwygkxfuckfpuezxuc'),(85,'Lemon Tarts',15.79,1,'nvdhbstznevzchfoeijoduhserddxidfivxdaihlyfqpowawqiyezutafnpolpkmhprceehts'),(86,'Curry Paste - Madras',52.52,1,'wvmbmpawshltemttefwtinmagpxphtvllagefnsizttvguqyiwimrdzvgafcffgqhvvqjukuq'),(87,'Muffin - Mix - Creme Brule 15l',98.85,1,'mlqkxzctbxnbleossmmnhegclqrytmrjcsbsavbibfvxhcoftenxxpsaphkbqawtnclosgqmc'),(88,'Beef - Top Sirloin - Aaa',50.07,1,'bhhmqbknfkvhqgopsrdmavqptstzososyasojziooctohpmwjhvmqvcytxahjmsvobhotzshk'),(89,'Mustard - Dry, Powder',32.53,1,'temcqoatmgafemuxcmivwcrdfjsgjghnivetykycnxkwubqtyrdufnzjvuxbyduzyngxjvhss'),(90,'Soup - Knorr, Country Bean',23.94,1,'hyyozsveqodecxufmjpmtczrxdbpdfocxvnrwjmyxekgukcsuumekbvvyqgnlbeoeymirqtvz'),(91,'Vinegar - Sherry',62.05,1,'fbhgsaxpwpaccklhpbdvljnblahiatlrhhbelcjwuqryzkmxdtwlwnrasqpfomvuvvwkxydds'),(92,'Lamb - Racks, Frenched',66.25,1,'rodbebyicrjeqegbrvwsuzcuzccqfmrbqfbjhogbqhjkomwbjbxzsvhipqwtkbyauzaqxdwgt'),(93,'Garlic',11.87,1,'wrvvxabuduxcnxiccvaxelugexzcsyswekjmxkmhiryaniexnzhnieuuvvfwjimpqgoywkoiq'),(94,'Cookie Trail Mix',39.23,1,'cbrrxuquywzlwwhvzrcrnjblecpjtgtknelfknwyprjezvfmosbbnwygscojmcwcfuynstroe'),(95,'Coconut - Shredded, Sweet',7.78,1,'hejhrvcigbsvpmzsuqnzasssyvetyyevdmgdlasjdiaikqozwwaqdtpqjklmukeirbrdtnpny'),(96,'Cumin - Ground',99.31,1,'kvhhzdalvhdzyrnwndewufzickcacimxeeoywzqlhqlsumljzpoeassjilcgholsqgswqpkjp'),(97,'Bread - Crusty Italian Poly',82.05,1,'rzorbwgpzspracwgorvmccwbqadzrmifmmnkbisxuvgjlbikdlknhdxbtevorizrjkipkeyqp'),(98,'Cookie Choc',47.73,1,'itylkrpeqqhxkfasqvhvpfhtwchxwoxvoyojqavidplymdoblhreqffuksoqihojwgpzabrpg'),(99,'Wine - Red, Marechal Foch',34.64,1,'scefqmsyughifkyjaqjpiswjwhpogilplahmtixbbswmchmmbuimlztknemsqgsflyyhxhmdq'),(100,'Bowl 12 Oz - Showcase 92012',6.55,1,'lyawvoifpalizqulehnbodirlujbbzzigxokxhevxrashaceuvlwhdwqbfuaqaoahvnxspbpi'),(101,'Potatoes - Parissienne',7.77,1,'xaorwkqehsdnhaulvwujhlcjvqvynqidzerpfdlfnvcjhilaobyuihcjwsmnoskirfihqrabg'),(102,'Veal - Leg, Provimi - 50 Lb Max',33.15,1,'uxpffyvouggkyadpnlnnamppdfwiklfwbapcosimlpkwggnffhgjtaearperhsjwhpcczojxt'),(103,'Soup - Base Broth Chix',96.9,1,'jffuanblzjpcdnfknrpkwtgkkxdwnbkyugldrhnfuicsglerkwrwdqeiqfvuvpfsbybgxsbnh'),(104,'Wakami Seaweed',54.43,1,'jeolyygemacdrpcogxkcrmdeyfrtedydaoitrzpnldcemeqqranmyemuamjrhnqgxyctfqdfn'),(105,'Raspberries - Frozen',96.65,1,'naurwblwtzbhrrykfxaqwzyqknorlqflkxilmtcctkgkffpekrdimpndnnrccjghbnyzjxzrn'),(106,'Icecream - Dstk Strw Chseck',11.34,1,NULL),(107,'Puree - Strawberry',6.26,1,'fpotranzcjoprweubqswhrvturxwlehmmsugtxheadeivnwusyglqueckvdkyhiolenucthkj'),(108,'Veal - Bones',16.59,1,'wwgsfcpqnwexgwzpcaygrpnhpogbtpzzjrjgfecbcjxnnefgbxhurytzhomdqmokrbtjykajl'),(109,'Cake - French Pear Tart',53.74,1,'eimaadiwxzgjcfegcpqqkowshemtajdomgsvrbuwxgapxjavdmenczcscqtjbnuputhopwzhx'),(110,'Urban Zen Drinks',55.61,1,'gjfbttignoadrrhfgwnzsgvinbzpmbksrywfkqkwogfhzmuumqfditvpsachdqnrqampcwcky'),(111,'Tequila Rose Cream Liquor',87.98,1,'edgyapjnbmjkubfweecgjgyeiwagdnceacsjslcorupkrgcjqxidrvtbqowfebfhppznthyje'),(112,'Plastic Wrap',59.43,1,'ridqjozjzdwjpaygfudanhhbvkwoqyficywdgurejblpsnspxkrnikpxtyaubsrndguwhvdkm'),(113,'Tomatoes - Heirloom',22.79,1,'pbhmnfkvpipxzrktxjtggctjjlmhsmdojuxvtkoawomtxytztsbrclzqvxzadgqpaecctorqv'),(114,'Beans - Fine',36.56,1,'uiiwetjtwabgxalngalvgbvvvjtrdjjkooizrippgkvvcqvtqnyoobvqfqkgmstebozikrvaf'),(115,'Tuna - Fresh',44.79,1,NULL),(116,'Sauce - Mint',25.83,1,'xxmbjqhxjyycuxarmjsgekzblfflmcxicioofaarlwphsyhknhcxkcbdmdktdrmvpselvjbio'),(117,'Mushrooms - Black, Dried',26.5,1,'ugmkocwzsytovruzucxjiqwdayfudkewxalbrwgwevqvxazyzmlznaxlgpzfmralwzwgmwxkt'),(118,'Ice Cream Bar - Hagen Daz',93.36,1,'gumylvnvzwjarbijqedjdkhjxiqljqdecvgfaiazinzmvsljctgkwifoxbpfntijgtdmooqej'),(119,'Anchovy In Oil',21.41,1,NULL),(120,'Graham Cracker Mix',39.25,1,'iorwhqsojtsnybewkyblvmswulwjwaqpqyjzftcaozemkreakfcqisihqkinsmquynoecvszo'),(121,'Bols Melon Liqueur',29.76,1,'mlvbjotchpvidewmuthgzudwkqijdaemrwioqueudzraovofaxnrxfftaiyzprgzohjrgidhg'),(122,'Cardamon Seed / Pod',4.38,1,'encbcguxfzmvnrughazbtingmpfdpwoxkzhrxiptizrjedqyexprcxwyexbpeholjgpeyyuxi'),(123,'Tart - Raisin And Pecan',82.5,1,NULL),(124,'Wine - Remy Pannier Rose',93.15,1,'zpixbelhkbkyzvcvhmcjolswcxwkhlnxcuivkghkljqgttsdzieyssfocqcfacywetzmvpdbz'),(125,'Schnappes Peppermint - Walker',51.19,1,'aifexdkrzbjszcvtoytjiynlnqpvvswvjngifzzudjvqopoyoyjwhguyksfpidvjlutflrbjw'),(126,'Compound - Pear',28.61,1,'cfzfkqdvualdmsglyhqslohdybbxrgzaiyczoeyyjwckrvbathfalrlbsnlzibygpcwbzsrnw'),(127,'Beef - Short Loin',56.05,1,'ijlrqijhzclhrslzbsrjeroowzcbjfdzplainkfoxqcjfrwodvtlfkiftaykxoamlsvasutjq'),(128,'Yogurt - Assorted Pack',26.93,1,'vqprfhuixugufgdgckyofspvdgtnfglvyimlxmmiqlphtewbvsaffyenfbojxpklwhgewhqdc'),(129,'Mushroom - Shitake, Dry',57.23,1,NULL),(130,'Longan',91.94,1,'fsjtppgavnqywbuuhrmqritqzeplwdjufrzssqjnirbkgirvpmudejusieygewmacxjinuzta'),(131,'Peas - Frozen',34.35,1,'vqoptuxnuccrhutwrdnbilqyvmrgzfgwbgegduxkjcmmgtchjraxcyrlyktaewgphostnhczn'),(132,'Beer - Fruli',89.2,1,'bektczxrjorwuzdzeyuvggftdyrgomdctzjgidwugxgjextfmimeruzlqfaufvbeqauxudeka'),(133,'Steam Pan - Half Size Deep',42.55,1,'teljmbzaoipvnifffinqwjydkzrylfaljiqmxnzwtcabguywyxtefgoiatgsvfhehmhtixgxy'),(134,'Brandy Apricot',17.7,1,'koeonpamjibbhiphacaknsbidqikffphblivruzqoihjiqrtldxjuxvbtprjianqpabbgwvms'),(135,'Basil - Pesto Sauce',98.04,1,'ypqcisxedzebidmhlxbxslhkfocbwblmuazptlzgojyuowhgmruxckixmncuaxdjtgqfarnfi'),(136,'Bacardi Mojito',72.17,1,'cuvlsgyenucwxiahvmmlhvkbbccsgrpayunfmpxbgobhyofpuvqrezglkgceddyfefncbsodf'),(137,'Pork - Chop, Frenched',83.83,1,'yxfvgkpfdpyeuwvarruvhvshxktbhjnsxuemyppolqvevaqqzzfrtcsnsicbygpuaedgvxsgn'),(138,'Cookie Dough - Double',51.92,1,'dirrexfuggengnydcsvzmrdinvlpmlcxylrpaalrecblbyldlzijdwrtzifpiammylhvxihja'),(139,'Pectin',57.89,1,'jybfsuvxwkhkzmdvjbpyxchgixfchylupzoignuxdapccxauytncerecpxwvdtzcpvmbpvlkw'),(140,'Sausage - Breakfast',67.52,1,'ruburpaxrgludafgojnkwenxkfqrgxowdgcrdbatcoscyjncuibdaozzhbngxixukamtmwblw'),(141,'Wine - Alsace Riesling Reserve',65.14,1,'nxzzpnfskdibgsannzkugbzpdhvhoqpnskbwtdtbfwayjyqhkrptkupxevipnatxefuadoqcg'),(142,'Cheese - Goat With Herbs',63.58,1,'cyvphjyzvzgluhzslxuqhcjvcsdyfcrgyofxhyczeftzgoglancvceklplrmravbknmnmglqx'),(143,'Napkin - Beverage 1 Ply',9.99,1,'ebqngiqamrtzzyxmawglkhutoiqaeuttwcpbxnllyhovukjhenwdxsucncrohduhpozqkophn'),(144,'Bread Bowl Plain',40.39,1,'wbbnxqmpikhlruygwlrrbodqwieyergzujoueceiujsjszlkvzhxhqllpqlsnjdolssjtqkcu'),(145,'Dikon',33.82,1,'obhlkevealrhwfnamongliwijyfiuryebljcigxbiybjlcyespxejpiapmebtablotltkefag'),(146,'Pepsi - Diet, 355 Ml',77.09,1,'uuqgvhlkitsigppykblhbycxbftfofefbowahappawhpbnvriskzysagrefbegulagpqmjezw'),(147,'Cheese - Goat',43.89,1,'pepnmrhkbbjclpyakwrmqdfkjkhhsxxvwxkhpmkrmckzjthxymtvkelvllfihdiopgbqltceg'),(148,'Squash - Guords',27.07,1,'rjazbyucygizpzoilhytiybthnmzcsnjhlaeaxczlsebqlhpbwkngnuzfkrjuvsajeihntgmo'),(149,'Squash - Pepper',36.8,1,'qdlukcjglxgsijqzfthpyszbfzmtrxnawzrkxxsfyvoepenycqvbgqpcjzsnlykozfunwrrwk'),(150,'Pomegranates',48.24,1,'eqevbqudphpjrgjydmghbwvdsgfwuwyrhlhrvczmcjmtqhckqmazmfieegvjpfvkmrzmczzeo'),(151,'Lamb - Shoulder, Boneless',92.09,1,'gwdpvquvysgwttumxblwofbolpnyjoxgifbpiyztavlfwjckrwduoqznlvxnrwngcgvpietrl'),(152,'Bagels Poppyseed',38.35,1,'srcpkspkfyiziimseskrpzfhnzkekeazyyuergtdqkataltpffzsnrswdurvcecgcjidoweym'),(153,'Table Cloth 62x114 White',4.79,1,'qfcvztuchphntayqghfvcxtgapwmvmqgsvtbccnhndkxgjputzpzuoroxdkdyhhztajhgffiz'),(154,'Thyme - Lemon, Fresh',17.47,1,'dsyszambkrlhxkvhixjpvfwdzvainqnzwlxsnwvxofrcabpjlhioqkivlfxpddrhncxqijwjt'),(155,'Beer - Camerons Cream Ale',44.51,1,NULL),(156,'Mikes Hard Lemonade',20.27,1,NULL),(157,'Pepper - Paprika, Spanish',99.66,1,'anskeqyhjtfewczxluyglbafrbgagokkrnmqhuhmocxgrrabtadingsftbvdolhptsdgaonvo'),(158,'Veal - Shank, Pieces',7.68,1,'gojhbfdwcveluvowpegwsdvjmbnkioeoxdxoojuzytuijkesesyedrolxfaevsnvqawvzdbqw'),(159,'Cheese - Pont Couvert',69.87,1,NULL),(160,'Muffin - Zero Transfat',62.53,1,'vjjtfutprpmamwehntssevqqwpduzppyswdepcjzaucsoqlfmrhbuiwtdwyedzxzuqxpgoqbi'),(161,'Scallops - 20/30',95.95,1,NULL),(162,'Avocado',57.77,1,'hxkovmymiwjqovoxwiuceqblgdajrcxnlhdzelzpyrlzksxgrpxgmwfernlhwaihgkuchklnr'),(163,'Jolt Cola - Electric Blue',85.07,1,'ticziebbxjvtctebwvuibfyxklwuzsmysylaewxvwqhtghjqojkuymcdnryahkkumqwjrbyth'),(164,'Filo Dough',84.34,1,'ztslbnbfjzgkxxxajuqjsidsoueagmhneujosvjxqxmlupubtkkisvblpwstwqvmrjczbjayw'),(165,'Orange - Blood',69.57,1,'kjmkeojnfbnxggcvsaynrwsftdgfngfsohbzsvvkzeedxaqydeaeveivbwbzkzsmguchgrjhf'),(166,'Glaze - Apricot',82.87,1,'emcbttpeblfvowqhemifsxujdqpsrjyobcmgfykrircqtwhpaxxjawvbkrucxxxqkwfzzgfnz'),(167,'Lettuce - Romaine, Heart',93.7,1,'uejujgdthfiobvmccxpwnhocjghkfqzwwjqthtckgslrdintypgxnazslhkqughbyglkjbdcw'),(168,'Cod - Fillets',30.07,1,'yaqeitpakzdeahijidoyxxhyymwhwjmugrtovuyvwyzetarembggtsifzuxzlewnheebccgex'),(169,'Sobe - Cranberry Grapefruit',26.02,1,'lqjcqshujkjfyrqiuxfrvydsiqwsdalxmmhrgigvtehbcuynvnlhfynosczxwycvuctjnnkvw'),(170,'Chickhen - Chicken Phyllo',69.47,1,'gcgwruukfecphqajydxlbeafgcdlnyopmcsfmwszxxsnthicwakifgczifmfnwnmmyriwtsfp'),(171,'Wine - White, Ej Gallo',54.63,1,'mvmnuqbqsyrurfxixeniraddofsdffyovltqcotthcrmywtbvdohvhibkxuscyscvrrhsntdq'),(172,'Calypso - Black Cherry Lemonade',12.89,1,'teyyocupwcnmdimaxhipxkjhtlgwjxvjdcffvvuekomxnibqftptgtvqghfusehryaarzabzb'),(173,'Beef Flat Iron Steak',64.78,1,'mxremgbohmpdqqfgjejkbduzzlekcghlfoinlxfqkwagpqpufenjdtdjajufbnvcqvyvcirut'),(174,'Brandy - Bar',42.25,1,'lepitlvymljesmuofpuzuzygotdqkaeddbggqwsbtbsyqqanfwkvwwlhtbdqjxlrqmcvddsdh'),(175,'Stainless Steel Cleaner Vision',6.1,1,'sskbpwprxqirembidyscvlaronwejqlgxrdsjlgcerxfiacqlpkyyobxsrjgrnhuwvjtupvzf'),(176,'Blueberries - Frozen',21.52,1,'lwqpjuroagvajunsdmlocpbhxqbqmqpsiachfbgsjkfwjgxogjimyfnltlamrbxknvusoxccr'),(177,'Appetizer - Tarragon Chicken',72.5,1,'lwnoqbmzgvnqkyeliqvvbyltfnlmgdjmrqiuceaglpazvrmccookiccqecltopvwifysntqnb'),(178,'Swiss Chard - Red',45.26,1,'stfuafecxrsjzeyikiarvrywxkzrnxdusujghqvhgyzxxfroexjecguhfzbquapaleaeocxfe'),(179,'Juice - V8 Splash',42.05,1,'dpylkrsoztexnaephhhhpnejmkzyzwapflkweecrqlpsmgaxlmolobvahtsboljuyrgmcvohb'),(180,'Cups 10oz Trans',92.58,1,'zdbplibutsbzknujdnelaqvwxsukfuwplmdtxuiabftsbnvvtembmtgjymrupfdmtpngqzjhv'),(181,'Gelatine Leaves - Envelopes',52.67,1,'lvqpyopiumpohqlcloahqdgwgjrlaspkokstaswozzwjpeirkgquskotyfvxivvqsskufakwv'),(182,'Orange - Tangerine',26.5,1,'bnijkpmjhekgiwrpybjuorjfaytjihonqcjrvabklrpbqhuqirlxquhxybgvgvkcvljomakup'),(183,'Wine - Placido Pinot Grigo',13.13,1,'tcyslenfenhhxrhyzcbuyxyzesjqjmvhctnmgjhaxmfwyalrixgtboziwgfvfrhsouunqrklo'),(184,'Pork - Loin, Center Cut',44.12,1,'thfpzwclalupgomcmiyhcbcsrdzlndeauwlgobwxmpknwlkrceixtafdhzwkygpomesnbjzvf'),(185,'Seabream Whole Farmed',2.35,1,'vefxfbjbwnmqdxjocjqybddwjvexygyxzkgrepsctffkvdrbrhfqndsgbuhesdgrxnvbuycvp'),(186,'Wiberg Super Cure',7.22,1,'iadlcrcnbscnhhwgkevyzxcsktqlvghfwinvcllqzzcdctqsjcksfwfihupgcdzmzhmudaheo'),(187,'Butter - Salted',99,1,'mbzxejakfdnnmdpylavjvxzmponzffdeidrvoppyoutdymzlhmiuseycdmordyuyeemjusafh'),(188,'Cassis',70.33,1,NULL),(189,'Wine - White, Pelee Island',24.87,1,'qkpljycdmcrmjkbdxdqqzjwsfcmfayqmvulzgbrklbrhktvkywrefyqooareuakyrnyjzxffa'),(190,'Soup - Campbellschix Stew',23.85,1,'apdaffvsxlnpnxpfmhufgsxocrhjgivdpiqfkehmopaigvhukohibvkgnelsljxyexggmqxtd'),(191,'Spaghetti Squash',69.61,1,'lktbhcmhaflsnnfyohgfwkkgcuvvprdfepnveinpqgjlyjtsczutponzyujnipoippqxsvrew'),(192,'Sauce - Soy Low Sodium - 3.87l',21.4,1,'iokvckufiitlmfrqytlifxhindoztsfqkewvacvkerzkmnkhwqbnpsceiacbbfnwckkcbojkd'),(193,'Barramundi',91.31,1,'jpmlzkcbxnwgiyfmeugkoerfmjbewitczdkidmmzwwgynvvlihocbjdfeeeoxnrnwishggzyq'),(194,'Arizona - Green Tea',97.86,1,'kxowuiniarfcaurxdzuyufkgkzwaymlexjffuxijkjiwzzmgfnonxubcllgahuwedjqfwrbtb'),(195,'Pork - Backfat',74.58,1,'abojdmjrjjcgylowlbxlnyfvsfoflivfpwcilkuilcqzgymkxrroltnsllnatuqjggditvuxa'),(196,'Wine - Gewurztraminer Pierre',56.71,1,'iofpzclwburybqzqdiauiuizhsjtmnvqfbdrcgqzkqwlnynxfytikwetwepimqyasrsujnnwf'),(197,'Pie Shell - 9',74.89,1,NULL),(198,'Caviar - Salmon',52.71,1,'qjrclaxqmjofmchkneeayivkbrzirezsvzjaxyzpzaeqmoeiuzsygjqyngkwgszqdqjgpseix'),(199,'Sauce - Hollandaise',52.86,1,'uogkyjrwpaedjykyrwotxbunaqhhbfbbuqokzumxhdvyxhisgaorbwfomtvcsqdstzwyxhsbb'),(200,'Table Cloth 53x69 White',91.41,1,'rggcuqcczyvnvfhsgkxfgzeqxerjucywobqsyyurodoibdynmqdtgavffoumvoowisztlalcx'),(201,'Devonshire Cream',81.13,1,'jlfhctzrecwlfvcrrndkggqususgkixnmhwozvhfvsflupehzrfyfaiphbfwssaypqwfpniln'),(202,'Versatainer Nc - 888',82.32,1,'kzaccmmhiyrtxnpabsrmeaaocnqczgmnelsedfmxmllkjxcgunyhfhxpnogmvlrajvvzorblt'),(203,'Ostrich - Fan Fillet',92.69,1,'bbvzlgbnddoqvehasbzcyvtiosenwtixsaqjlqjkyoyovjnkyyixbyhlmxritkbxxtzxsrbbp'),(204,'Garam Marsala',62.54,1,'dpkxwmnyfqqaogvikuemqiheowctksmafzhaaxqngginkkrvaqtirccvwfhjqxofylwcmsaax'),(205,'Crab - Soft Shell',90.75,1,'dzwhfrbgogjrppfyrtcaiqczevcinxbmifvfvezrnqqoujmulfqfedqajkyqwkhjpvswmantp'),(206,'Soup - Campbells, Beef Barley',72.89,1,'szhuoywspmfzhnpczhxuufyuxkshjrziltdgsocazivjdfdetpiminlnytkyrbcjjvxatobtm'),(207,'Iced Tea - Lemon, 460 Ml',91.83,1,NULL),(208,'Tobasco Sauce',65.47,1,'ihecofmluyyuedzvhjrjagrbpulrzhmurqsiazxjuvvvgoxjqbsxqnbxztchyzacfjafdvsxu'),(209,'Cocoa Powder - Dutched',68.35,1,'wiyfmaqxxiihhjejqxfipibsgtkuevaldoavenxrpidqhigojmdlezwpknyizxfzbvzqklljr'),(210,'Muffin Mix - Blueberry',80.5,1,'ujobspucsidrqurhctssjreayabbznymlirgvkoalwlzwlldntdlcoyfdkjwtnajgitogjtdw'),(211,'Ginsing - Fresh',10.48,1,'jdscufgzasdbmtauylklehrmlxcsrdqibichmqdfoxbccycivtyshvekwxvdayqfqshmkagdg'),(212,'Calypso - Strawberry Lemonade',10.86,1,'jtoixeeefeqeexcxhqftlbnptijyyyygjkpyyfohsojvmittectqbhigyusxjlwwvaqtwzjio'),(213,'Foil - 4oz Custard Cup',49.08,1,'kcwmbudnyyjijxyprzhpfgjdupvjhxzxxeasibvqxzhifcavethigtlajwyqcpkdnkqywrcob'),(214,'Oil - Food, Lacquer Spray',3.92,1,'xquorflkweeulviodbokhpejpfdzmrbrumkrwuzlpmrsnwmcpljwmmlafhheovujmugowrbhc'),(215,'Cheese - Stilton',97.86,1,'cieeuqlevyaeerawxyebdppsecdnpwnsmrusmbafryqnaexjuhfyxnrawxaqmfwgawtsevhsz'),(216,'Sole - Iqf',67.38,1,'mevguyxyhyfqodpnjvwgfnzkbcwchsvklwjfreumbgrhvnxsgzbjsynkqhwlegazsidmrgfnp'),(217,'Cocktail Napkin Blue',91.2,1,NULL),(218,'Pails With Lids',40.58,1,'essuxbbqhwzuzercqnxfsusdppgiudfahwtvlninernmkxopzywgpxlykdrsibvjahtlsidiv'),(219,'Potatoes - Yukon Gold, 80 Ct',77.04,1,'lbhvhuagwkagglhaiafahaslkmdkxabhiikliqhllembyqymvfpldcjttxpidowhagnqwrzht'),(220,'Syrup - Monin, Swiss Choclate',48.66,1,'asholflwfvhbqaznjmqhlcpmkvnntbwkvqdbpfpavviexvrgsstnrrwjkqfelgtsrdzdfdugw'),(221,'Tobasco Sauce',99.95,1,'cgiswgdvamtupdblqdhjjkwscturqqxwlhalmhkktqzmawxztkhetlfqhjgixoceubvlrqsot'),(222,'Wine - Blue Nun Qualitatswein',93.68,1,'vxwgdwsvrvvgvqjbbrkelsfgspgichjryvecwvfmspkhrptnnjryevfscmigdfeixucmsqjvr'),(223,'Soup - Campbells Broccoli',73.77,1,'qfoaezmbtngqivwzywvaosreqeffwesivgjsiazrnsdjokqvuzeqkrvfsobfwhpfriswlqzuf'),(224,'Towel Multifold',6.37,1,'fzfbkajvvjybolhlycwhuljyhvwkavpeonuozullyzdpgaqsbdrcqjgwpjnsjqxhnocqzacsx'),(225,'Food Colouring - Pink',60.39,1,'zsxpeehyocfhuglfhfgpbmbjsudzlcbqapmidlzintezavflciavdlfwoassrlwxtuuxwhkls'),(226,'Pepper - Red Bell',35.94,1,'dhdvgznejuayhexxmjugfjnipfunhqujvitykjwwwcufjguigckogogwdlkaowvonyekfjoud'),(227,'Cheese Cloth No 100',26.13,1,'mvxagjuwqwcmvwssewggmrlarqamsfhfyazpunlpjulrherhitiakyecjwgdrmwiyxgdigdxf'),(228,'Coke - Classic, 355 Ml',48.18,1,'oswlfztwrxysckbwfabchimsexscdcsinuocbrrsugvwafaqtkbpmmdgdytyrrjwyuuwgcbvi'),(229,'Cheese - Victor Et Berthold',88.98,1,'eievyuyytytmtgzrarpgukqqyxeubpbsvtugfdtoebfdgeqqoikpjcziaynlbbykyirfzqiym'),(230,'Wine - Piper Heidsieck Brut',29.5,1,'eddwtoeqqzoruzywxeomsvsjfuyltknheqqbejqlaecwvjndilymwzvefoldthsplhxsfwlcj'),(231,'Cumin - Ground',95.77,1,'hwlfyxboujuoynsytpzjhfnpglbsbvvuaygzkkcynmsdqrapfeplpbdsvhqwqakdbdzdsbrpv'),(232,'Kellogs All Bran Bars',31.6,1,'xtuygbyjtcssjtvxqgprrfgfnvzupuffbmfuqwnbfmlmteewsbgjnxmzsrdioyeacpfvrukmu'),(233,'Salmon - Canned',55.76,1,'apmlymspoycagrkcfrychbzaklcnubsznhnutoguslrfxifjfosiurfmuuplmsicmrocqfjfu'),(234,'Blueberries - Frozen',97.61,1,'upxxzusnaxoglvmsxlajrrdptjjpxuyqtiqxzmglkfymrxzfrjyhhuzlckyujongglsnmfmhy'),(235,'Longos - Chicken Caeser Salad',92.42,1,'gckelqkgxkqhhmugdlknblyqauajajxiwfiilrpcqyufqufescifwnrwryyuctcsmfowdwjqr'),(236,'Muffin Mix - Carrot',91.22,1,'usdsqxxdybgcpiphdltnzwphhbzdffghvgzlvlyamsxckqbxkkoddtxukcvvgrfnwxoyshhqq'),(237,'Bread - Rosemary Focaccia',31.81,1,'joxirhzdotjrtfvkqrdovpuvncgwndmkumpzzfdwawedxdjzxvgcfpomjiplbffyocamfmnai'),(238,'Beer - Upper Canada Lager',76.32,1,NULL),(239,'Savory',53.74,1,'geveszgbcossjckxsrofgryetiflynwblfiapnwmjlbkgkhajxpdwxvzslldahdkczrlgdvyf'),(240,'Bread Sour Rolls',44.63,1,'gpisbgsffwaapbfyflmenhelqmgicotttkzbgtfrnaubqjbrbgnrauauyafleguulttfadihn'),(241,'Caviar - Salmon',68.5,1,'etzxrddamqkjwiumwpxvixykwfzbihbcthdjoovcnqfeshnmlkrsbpqlrlcakqfnssmcaibno'),(242,'Soup - Base Broth Chix',74.2,1,'gejormcrafwjjenjrjccmlskuxqmozhplowykhbdyiietegxcumjajznawzqvschbwkwkyvdd'),(243,'Arctic Char - Fresh, Whole',95.57,1,'lxftnbzfsqtqpjekltrcltwabflkoeagsmkgmwgpjkkqtsfoxkjrosvfsyhfckatqjuigeonx'),(244,'Cheese - Shred Cheddar / Mozza',35.79,1,'qhgdwzfyhyfuwcehnbysyeshunetvxebxzlkvlhzmzrphmjcnrpdfwlxvswrehwpipbpvpkep'),(245,'Mushroom - Morels, Dry',48.46,1,'jqkioruajvfotxvhmzaheplsykxjnhonwzbgiazlvilclypyfryemqiaetcxvcwxzlntovfqk'),(246,'Pork Ham Prager',23.55,1,'qycnwsuikauwqnsiortruppzpsofxinpkenkwisridpnoddjfrgvqrdlqtzjierrhrqbjrsvq'),(247,'Parsley - Fresh',89.34,1,'hncaxxeapzoaqcddidsklbdwufzziftifxqvzhucdrxhkmezihwvnlyrsxgbckneksfucqndd'),(248,'Wine - Chablis J Moreau Et Fils',49.94,1,'xalyidoszvmbaposroddcldxwkwhiidwxvpuvpmdjeubymdewuxntharxcuyuptznuorprdjo'),(249,'Pepper - Green Thai',8.67,1,'qqmoksovonpylveluvxxlbdxggkkuaqdftgiecteshmcuwsjfxpcivpnwrlawxojswjmesfqr'),(250,'Artichoke - Bottom, Canned',97.06,1,NULL),(251,'Tea - Herbal - 6 Asst',18.8,1,'vaidrnjuuzclzowgcaiqgjvjndxtdzaocbpttxteiemnpysnetwfbphwcjzmaxpsyotmyarmk'),(252,'Shrimp - 16/20, Peeled Deviened',15.39,1,'yipqnipkabdgjwziykcadjszyaqsbcbyecrhzlwwrukvhlstpnaaxrzpksazlidnhlaxfykzn'),(253,'Rosemary - Primerba, Paste',77.12,1,'irkojfqhyocstnusznbcshnhbtlojpavzqpcoyueeapbsupskpxugarfnnymswrvnuljbdayg'),(254,'Carrots - Purple, Organic',26.76,1,'sqsbogpqbkavahdbvehttnoffcznjjjytmmsejmtsadjpxvgfivvyumthbvxctkwamhedmakz'),(255,'Initation Crab Meat',67.35,1,'shefynylfskcslplsfaxhzkfrgcugytwfkyqdkjjbqbmulcmuiqbbnnifjeotdjstngvzejwe'),(256,'Potatoes - Parissienne',27.21,1,'ubbcjtfxauvzqyafugersukqnldmoxecmmrwgwlqvoxujdjkunkgzgrqxdkdfbtfdoklzaaqe'),(257,'Coffee - Cafe Moreno',72.82,1,'boqefvglajekbcrdusljaljsudlgvainlulenwgmypqpebbegmnczsdbkjyruaksuejvzhhrf'),(258,'Bread - Crusty Italian Poly',55.62,1,'bfnrdtkygipavrnsrombifqnmytuhitqejwkxnpuffbozqdponlpuucvmsjxoixuaeaxdczhg'),(259,'Pork - European Side Bacon',31.31,1,'uxcatayoyskipegndnfnabhnizaunpowhkhjoodphfakivpbdxwrvylwsyytyxusqqplxjzzp'),(260,'Lid - 10,12,16 Oz',40.24,1,'pbjyjwhxedqxdxfvknvnltghmxfmodfhswxgwaqaxdcosrsifwfcyhhvedvsfjavahohwsdcu'),(261,'Foil Cont Round',42.97,1,'nrrmlzrgzlvojunbpvycggtmvbjcebphzoydqcrajirraxckpsyjfxewbkqrobjvsajyssewd'),(262,'Beef - Eye Of Round',94.13,1,NULL),(263,'Barley - Pearl',92.87,1,'avfmyzdphqnaekuoouqybafoqzhaybgreoblgmbhzbpvfiswdgddxdcnajwogmjguuleooezj'),(264,'Lemonade - Mandarin, 591 Ml',57.61,1,'bnkyplltdehylzuwweqrvfdnqfmycdvbesrliqwappvfsnnkkkhtzkfcueqpwcokdnkfmunsu'),(265,'Oil - Peanut',69.31,1,'zjkudigojtproxmsxuzjrqocoexclcnkdxxywoszioyvrjqyhzwhctpmwvyimfppwvnvfhglf'),(266,'Wine - Gato Negro Cabernet',10.52,1,'jtpvhntquejnbtswhmbqmnnxroiojjqnskwhmggzxboypqbidsaewmqbjxatvxpgbwsytfiss'),(267,'Roe - Lump Fish, Red',27.14,1,'zgqlcpnigbeqbzqnbnoawvyerbbltsbhkylemidqivrqvwvfxnzlzebamyenbpvnoduaoiqbw'),(268,'Water - San Pellegrino',18.91,1,'tqgluljnwciaufrmvjozjefxjodypgusnyblikuuewmvqzxmetfwglhrctubmxlfcnnclrmou'),(269,'Veal - Inside, Choice',22.04,1,'ogjvqxbhlvnrcjfizcgvbyusndhvubcehpwkobwemquicgdkfqiggcjnfuoienevkkrkyzdll'),(270,'Sugar - Splenda Sweetener',26.05,1,'kqbslbnbnrdxvkmjucwtytrujwlkyvylfwqnroebachledabmakgngzghinjicceaxckbbrbo'),(271,'Sauce - Hollandaise',45.05,1,'bgnophymprbuvmuurbwagzkklvcmtkgtewemakvyhwaivhzxxlbsonypqdliigpwmqbwhhrku'),(272,'Longos - Greek Salad',92.24,1,'ncklfrzuhpfmdpjjqmhzvgvnmtpsnqxihgpazbzdcispbbqzrxwxjeujvohnhbnsgldrsmrzp'),(273,'Ham - Smoked, Bone - In',74.45,1,NULL),(274,'Pork - Backs - Boneless',45.22,1,'fwtgcceprrtyocrsztdagpasdlkhgnmaakjlwgnlevokbgjrjbsekrqrnkcfhvligpmtxomeb'),(275,'Beef - Cooked, Corned',45.44,1,'lvlxdngqrfwirnxhvgmjysvmakakqzharyqdrjaggwpuemtfpqfhtcaaosqqdlsqhbqqycajq'),(276,'Truffle Shells - White Chocolate',38.94,1,'hynnjzecxkcmxisisnmgbrfqthdhzjflrjydvqkskwrwrllmdazntyviufrlbqizqiwuykwca'),(277,'Tomato - Peeled Italian Canned',4.19,1,'sbpekgztmticqaseptzdojdayfssyxauvhzplsknpjtzhlrmiqiddqfsgvzvchocqscbpugcg'),(278,'Rosemary - Dry',22.3,1,NULL),(279,'Wine - Magnotta - Pinot Gris Sr',86.28,1,'bezdhvytllpyuatweydgpmznjebmklmzbqdiyyoqwhsrgcarefltxnlneyubjrfjrepgcylsp'),(280,'Beef - Ox Tongue',16.2,1,'rylcndnwtpxoqkfaobddkwlftwczptxjrbqsgyfxsspjflbyioreqhbppvbojptkyenlhipwo'),(281,'Cheese - Victor Et Berthold',3.12,1,'lyvitoftzcxlvwjwnbrzuqwfrgcucrwzxznxthwpedbimvuocnibywsogepfuubqihmxkhmpr'),(282,'Spring Roll Veg Mini',81.44,1,'fghxjgqgqubfxarawjuhkaefqdslzxfnhcdxgadhxuwmevfxojekfzbshruxvozipyfxbedff'),(283,'Barley - Pearl',23.84,1,'dsbkafhucxyybeotzddgcbyegryygiijodgmmxzxntaplnrtcdrwuecoinwolipbokkbxpzgj'),(284,'Soup - Knorr, Ministrone',43.63,1,'jhybsvvwdfguzpntpyusbvsuvqiqcsrfhjczddrjzxkwrayqyzywditrnooinszeyyttyglmj'),(285,'Trout - Rainbow, Frozen',43.61,1,'qkvmowzxstdhhlpxdejfcgklavnjxuxmzixpculdkncykwgbnxhdzeenecenqrjafwxxyqavc'),(286,'Wine - Chardonnay Mondavi',56.24,1,'hhelyayaaofidsotgalaunrexkfchczggubkstixnfvhbvobzgrkzannbsairjuvevvulkixk'),(287,'Pepper - Red Thai',26.81,1,'tbsqzdokvfpwceyhkccdxqcvfxxudaukabtneiguyiixfjghpelkuwqqupkpvwwycfpgeddre'),(288,'Beans - Fine',75.73,1,'mamcqdczsbhyznpuaaynaluxvevjykphourrxjzbmellsyuvaogdagqzfrpphdqxdeydnmnof'),(289,'Tortillas - Flour, 12',64.54,1,'negacfmvscqejmojbzpipeitfelzhclvbvqzcjprvzpoayjpfkpybpbuxoupqloioykdxacub'),(290,'Pastrami',46.21,1,'slabxcwvkpginsujvfdqlofropiybflsptugieuaknpvbdtmfxzuunghioijahujmalyfxwsn'),(291,'Mushroom - Enoki, Fresh',95.12,1,'yhsdqkugqebfecwjheagyzcfvemwsqdyinpuffjnswgkwpgrzqqncibjmokszitwucohcpntg'),(292,'Cake - Miini Cheesecake Cherry',51.52,1,'mzthharvmntjknoogtlurmaxaoljcuimmfkofuyevkdbxvzhlzjzopyalxymcsifqjjyfcfgg'),(293,'Onions - Pearl',32.81,1,'wykjvqgcmpxxgbutbmskyrlmquqgxesuhygpherrwxfsewtafgtwpkdmlzkauvbwttabpoytm'),(294,'Wine - Cabernet Sauvignon',14.44,1,'cvugozzsgnxizzttismuueratnjkkavefsnwawvhjzggeuehgiogorralwjxkkwebafghjamd'),(295,'Beer - Heinekin',63.41,1,'bjpveqogvjlkimlchybdgkwtsninsojquvtgqxtrwicrgyubznofrpsvbpeobgkhkctjoktjq'),(296,'Sour Cream',64.49,1,'arzoekajtredjkcwawipzkqqspkocjmhfcvvrgoykdweibpdicbwpuecpyjtkdvpicpkqpimd'),(297,'Sauce - Sesame Thai Dressing',40.53,1,'agcgmltpnucmyofytwkbekqhdmoercuqayxasymqvidcmcivezzrjiscdkbnpxqwdcfjmwayn'),(298,'Flour - Strong Pizza',78.19,1,'xbagmqjbcuimsawpelerbymufupzqxtolhbmtlmfdqlxaqrwugiuzyodcaqxygxjtrmplutku'),(299,'Squid - U 5',73.85,1,'jokzsympmxvjnxkpofslufqogyqjwfrgvmozisptnbpkipbwlkrboljwossggiworijwpeknf'),(300,'Chocolate - Chips Compound',31.05,1,'bmumuhjvcfqqclqeyyjhdpmpilyyhnzjgnddmwpcxdzdxfihxeimvoilscoadmvsbddueymfm'),(301,'Stock - Beef, White',7.58,1,'gtqaaqpfknwdxtdprogznnpvktigutopegegrgugllreowzwpmbrdcydcjjyfszhquivsfopt'),(302,'Table Cloth 91x91 Colour',45.1,1,'dfulizflgrcuqujpqrugyljipobfzvqmposkysxcyohtqriiaqmiqxhndpwpawdgxlwseyfly'),(303,'Mints - Striped Red',4.21,1,'vqwgshvzacrjqejkzppjlqefmrepyehfibxfehwzjzpxlzzqgpyqaaakgvzqjjdejnllcjgjm'),(304,'Veal - Provimi Inside',53.38,1,'xmwijvmrelucansjmtmbzaiodbvxrtockkjsgsiapbescwyamqcnbmldfrkwnxdmgsygdfayw'),(305,'Wine - Bourgogne 2002, La',78.36,1,'drsytcjjybcarneapyqndrylfebohkkotywkoaxouddqaobykeclbvqwgrncmeooweysupfja'),(306,'Mushroom - Porcini, Dry',73.83,1,'apduloiuvvdpfwmjeyhnjearnmkgrnzwmhuwjqcqtdjsxpxbrwwkgcidapclpwvcuvkhkmqmh'),(307,'Cheese - Sheep Milk',98.7,1,'zwriezxmsvackxpkofbzhngelvtmxdrsouvnttzavtihdrsqcuzzdkeohoezvfpyivapkvfvq'),(308,'Cheese - Provolone',1.41,1,'dhsrmvaymvsbqievgdyrkgxfdsrimfrcwpiphpqjofiuusurmaihomjkazkroqdwczldodend'),(309,'Wine - White, Riesling, Semi - Dry',12.96,1,'xvyuioqvmccrbkcmldpaoylywlsibqeugmgifksgozhvrdtcukkxiqmqpqbosbeocvvgykcoq'),(310,'Papadam',12.21,1,'wvsoxpnpnpsrcgabbcvnqlhgeusdekrlcyqvotdsnyjdumiphmsizwdfptpiekyseffzqmepb'),(311,'Calvados - Boulard',17.1,1,'fmokmmwcsxyxfjtrqrhrsndkovetudlyvgmwyqqnjciedoaevxiimlocjalofttezchyoookx'),(312,'Bread - Roll, Whole Wheat',17.03,1,NULL),(313,'Wine - Magnotta - Cab Sauv',64.41,1,'pfgribocrpgnhfdjsslaayoqxfoypgskzzomsftshadybrbnejnonhwjqeyzstrlhfvesvxbl'),(314,'Apples - Sliced / Wedge',77.92,1,NULL),(315,'Brocolinni - Gaylan, Chinese',19.2,1,'brzrloodphvhofslsxfwztzmjgosawldquiqmckuddwqzvxqppqdkxxeaidkkewbidftoowcw'),(316,'Compound - Passion Fruit',63.48,1,'mxvxgnapwfjnfyvnvwarhswhlzzerrgintloirpsgqyecmitnqmzanjqykbeqqpzctjadymaa'),(317,'Crab - Dungeness, Whole',35.58,1,'celrwchmqltuvqbbgjqqgwjbntmbsoykbyddovereoivalngxfhftvdpomdgoqnkhtkcgmswy'),(318,'Ecolab - Orange Frc, Cleaner',9.15,1,NULL),(319,'Dc Hikiage Hira Huba',61.24,1,'dujftzwtxcwqyeuibgzoaclefgcvaddhplucvtfrlvddagfvtquksdsmlcoxjenvjjdaqqwvd'),(320,'Cookie Dough - Double',16.47,1,'tawfvvkyyvuabirwdpqmknferzvxpqwhbzfytlwtvusnnmxszbjlxvrdlrhhpebgetalxhmcq'),(321,'Sponge Cake Mix - Vanilla',45.87,1,'hwvqihuqwavawxpraormxzvbbubsqkmzsxyggywdahifdgoqjfxajseanbbruucsukfsoxhxt'),(322,'Cookies - Englishbay Wht',41.33,1,'jnrhprykkvtmadmuumkvlnormhjwswdrqbfojluqxsfyyhctwmqpupwivicynjdjmzgenyhkr'),(323,'Soup Bowl Clear 8oz92008',10.85,1,NULL),(324,'Wine - White, Ej Gallo',78.25,1,'eyovujzznzgjhejiviwkrzuotivmhhgdjtdgacqcqtkvkxekcqkelzwryeslwpmzzqghwbded'),(325,'Alize Sunset',57.74,1,'lszqjojedyehwmdjvmduhojsqeojxmokmwwmxlxgjpkgyejuythfxpfwytsaejvlkefetrvya'),(326,'Juice - Ocean Spray Kiwi',72.89,1,'upjmeqxnwbimtdslclfliwrelwtqhczxomuloiiqmfnknhlgwfrhjqmiofyheufafagmuitze'),(327,'Tea - Herbal Sweet Dreams',28.12,1,'seetzrumuieplnotqwcnmpkxhasgsdtwaqpevlhbndfsxvudafwuxvgzqhrrtqzcaqbiaogjk'),(328,'Beef - Short Ribs',57.99,1,'skilsyqrbjhiigwutrcnkpfukrlvbwszkvpuwfzvoafmnhpqbuzcdbgyzbxfbqeuxrvdwnvte'),(329,'Scallops - Live In Shell',94,1,'ylprprfbetszslxiwptzfqoklhizpgoxtomlslbreunatrgtixnxfvbgapcxumrmuxcautuwm'),(330,'Chocolate - Dark',75.87,1,'lauczvucmoucovtpdzpaguzdwzunmhbsdlmujsrpmbtpjsrfwwnfiuwrgpywybsbeexmfehzp'),(331,'Assorted Desserts',50.3,1,'qlxkixmcfpxopvkcapkodxioekqzvzynqiqizyqeebldlnbyfnvsggokinczlcfewcoynnemd'),(332,'Crackers - Water',89.16,1,'owkkpgwkitexdxbtrzvsajkzetyxaakhwkjpjcrlzeonlegzmqeobapryxqcjkgfheqdittew'),(333,'Coffee - Colombian, Portioned',83.74,1,'tdkeyignbqqcpyhrofrgyyybipcgbykktbiyfrllgxytahevjdgtkbpzslbleenodfurmbaui'),(334,'Barley - Pearl',64.44,1,NULL),(335,'Muffin - Zero Transfat',50.87,1,'dlhuerscfmppddxagvloolqrusygnkumpvlpvswqziooekhqrzdxguuzirhhessjtqeiagnvd'),(336,'Tomatoes - Vine Ripe, Yellow',81.52,1,'xzvcrqfewbmeiiffgmmknkwybuyiazenpilvqhrqjyoqiwjlksvjyytclsnoglfsacybzvzei'),(337,'Garlic - Primerba, Paste',25.95,1,'chubffavomtjhbqomfmwssfrznpnckuvbsskpxbilyskpcuwwuxydjrpvtecytunovdiissni'),(338,'Cloves - Ground',30.73,1,'knbhertvvxlyigaajadpwkuttqxddlsapslzarhqgdcijqixtuiobfqeuwfkhpzvvudaypjmt'),(339,'Table Cloth 62x114 Colour',17.16,1,NULL),(340,'Goulash Seasoning',17.85,1,'hknnxppanvtrbgxtarpjrtyjozbickzyooppzipjohpfxksaxhdqpgtlirutlvxciuurwlimx'),(341,'Pepper - Orange',40.2,1,NULL),(342,'Icecream - Dstk Strw Chseck',16.96,1,'ycthalcjyfobzpezbmmlwdonfeybeqldoirkidsosbfufcdmigmnovidqoahwgzeibvujoqpr'),(343,'Doilies - 12, Paper',46.96,1,'ecexabkarxlclgfalcxyjyexsgghkkgipnwdwtdysxsgnkvewsxdojsgdqslbemhjskcrbtez'),(344,'Ham - Cooked Bayonne Tinned',55.15,1,'cqiqfqvtvglhnfqybtpsfamzanonhgyljluwsdnezjssoecgfzusabdnxodzguttdhtanwanj'),(345,'Lobster - Canned Premium',11.12,1,'bcleifnizndlsudhtlonocrfxqjzlwctjgziykklgtrjgghhvnvldhfspfjfvgqgprjelvccn'),(346,'Piping Jelly - All Colours',58.04,1,'qlxqiceaaiexfvkcfsvbtwsuizacucbgmdmpjxzkpapvyiuwxjlxlqzkijqfitwtjwmyrfnbw'),(347,'Cherries - Bing, Canned',79.83,1,'ngpimjgfribgfdkctbpglrggahxgfpzohwaejyhigeqyomytnrqyaktlbaevkyfjmzejrfdbf'),(348,'Sauce - Gravy, Au Jus, Mix',90.83,1,'phxifxyvblthoywcwnhubudlmojsomnsijkjxgaeksotaejecbbwiecmqiqeiccwgqysdeshk'),(349,'Dried Apple',89.39,1,'cnhxamtcmqcreevkhomodabtqgjalntctwmivjurjjgfojdnurquiasigalbevbndukawjirx'),(350,'Pasta - Gnocchi, Potato',29.02,1,'qrpytsuqlwoqpxwjetqhwlchtfqtbrbwiyyyuvmucxvewywflnjuqxqwhqouykzumnzfojizn'),(351,'Chinese Foods - Cantonese',5.22,1,'ktasyixvmcrbjdflhcgyfrhhfxlhksgipmjzdxqcbkbioxnnpqscgljhywalzezocukizsfmi'),(352,'Soup - Chicken And Wild Rice',39.28,1,'fccntebhxpddnbdciiuuupdzvatyvqlwjolylmrexncnkwlxkqnnfkwonyxbbylcmdydefivs'),(353,'Grenadine',18.58,1,'rpnmvhwjvwuodkwsxfjxmwubdfcamoxlluqgwaiyxskxevvybwgsxgaabyocrerlulmgfcknh'),(354,'Tea - Orange Pekoe',59.12,1,'ufxudpflhzvoaejoivfpyjcedawlxvpowadtjswspkkyvwcbqeaehkgktbgrvbtxqksxowdor'),(355,'Oven Mitt - 13 Inch',35.05,1,'gpzewpzrnuslhxhinvxxkalqfyjuqafsforwcyyvahenxlgwkhgpkxgycguaictrbmfbpbqdy'),(356,'Juice - Prune',55.95,1,'tfftkijvibmuicgbjeicvzrxesibszokmeycjvuljpzpfuroawwtdcwtfwoeluflryomflbpv'),(357,'Food Colouring - Blue',84.81,1,'jbcqnszufwopvwuklusvgumtdywjarjgftrqjtrwhcqlenusvzlifkfhmriwkpxxdwfnhaaci'),(358,'Table Cloth 81x81 Colour',71.27,1,'mwtpmminnrtihbmblgamqaogekrfxtkgpyzjrbnvgooonbdgwxsqnvfvosryntupanrbxkmik'),(359,'Rootbeer',26.84,1,'htzfyhakdjdnhmkwkgljcerjepeptmyuucsjeqdchozfkjfylnokpcbjxpdvohwmurgdfccfr'),(360,'Soup - Campbells Beef Stew',22.97,1,'sdhvlhzqzztkjqfpzsycwakismoirxdrgccmbrymtjgjvkuvbddykwyplfthnkwrfbnkrxwgs'),(361,'Energy - Boo - Koo',15.59,1,'naxbmrtftujxqdpqdosirxtwqiqlijywqidjzeshkwfbytvsugbkteruwtafolkiullpuvywd'),(362,'Lemonade - Island Tea, 591 Ml',48.5,1,'gxsbomwxqpagggkvkqveyputvueopxxjyzjpkqsooujeglkejciewxqxlnycqavvcscwrqjix'),(363,'Cheese - Havarti, Roasted Garlic',49.27,1,'wtcvvgfhevssrkfmysxenzywykqcwddlevlleqevyylmbrofhneflfrfipkvdlkbpkzxtfxmf'),(364,'Cassis',78,1,'ncshzuesyxsjgtwvjqxbxoqgxkwdkvtqhaxxhxbadlqkkzspinyeopjfnfsuapfqhxajzikfw'),(365,'Sauce - Soya, Dark',76.63,1,'udyyoyygiccigerljnhwnttuvpnfftpiqpulsnhvekdkgdebfuwimouocgooesarquvfvjxtq'),(366,'Wine - Piper Heidsieck Brut',44.92,1,'fnpamrftvzfnnsfrbectedibrnksonohcdrkstcvhdzryzlyqvgbstivapllphraeyncvxaur'),(367,'Gin - Gilbeys London, Dry',94.99,1,'gcsqavpbgkozlebgtxjzsivvplvndazbmwottyuunqnlckamjuvhcbjlbnasqqejoglxcqxtr'),(368,'Bread - Raisin Walnut Pull',34.88,1,'qfemxkpabnruxtjkpkttolevjhzhzrdqzcldisbqyytsaenmzwsnxfyamopkbntuhleigsfqq'),(369,'Rum - Mount Gay Eclipes',1.02,1,'cuhnszxvogiqdjsiejaiuftdifokxxycotkajyqktldmocktbraslktyvnmwjdcpzfzwfpwzd'),(370,'Wine - Cahors Ac 2000, Clos',67.05,1,'uxcyjhyiowekuunqeuzuvedsenpcgslbwjntoavdchfuhatgpszffhxvnfqglgcrnvqiqlucp'),(371,'Pastry - Banana Tea Loaf',51.13,1,'dsoqxubxigwjyzdgwgdxufilwsrobnhievqlslzxrdxpdptphznuclqbxorlueslnhxtkxjof'),(372,'Rambutan',66.51,1,'dlxodfvajrewwfwnremsblawdpjbayezpxqjyntcutkjjcncbmhvtydmqpujfziypiwncrjsh'),(373,'Longos - Burritos',75.66,1,NULL),(374,'Schnappes - Peach, Walkers',21.14,1,'etcjefsnomdyhzimdmyivwitfiwyqtgkyvauzcbrkfvgnsvrxrolxijvabyjfaviucdlrzczt'),(375,'Kale - Red',85.74,1,'tuvjgbgvjwyqqljqwacejcxfcirqlmpxppitlqyqyaklbryfvuaticaflhsnxotujjbmletic'),(376,'Beans - Fine',4.7,1,'knclzfgcsvtdmyqtmopvwlhtynystidzsppfwycjvvummovsvzcyoobvzhfxvisvpgwpzymaa'),(377,'Beef - Bones, Cut - Up',8.12,1,'ndpcgjnkctdcfzygvwmhqrxfnooflekmeoseoodkmojfgkruealnavonfglnccdfopmbfefnd'),(378,'Stock - Beef, Brown',45.99,1,'wtlgzihnztunltpshisjwjqnfbuoeqekmxipevbqubqjycipwdveybkgdplxfcmunkgqubepg'),(379,'Allspice - Jamaican',39.22,1,'thgvvylgctogscnfvnfbgfyorhawtafiaafoahjlgjxoeqnwgalzoekriwefieltzkzuajpme'),(380,'Bread Bowl Plain',15.22,1,'xsjujzvaxqrqcjrrsbzywuclpcujilnwjpzjntyxvthvbcdtpksgwktylyuawqrtivbijqbjj'),(381,'Pastrami',78.41,1,'xmljlcsbsyvyxbxljtoqgwocuseljbqqafpclrcwrqvwdpaxcoihkvcwmoqdpgqaxssmceqst'),(382,'Otomegusa Dashi Konbu',53.03,1,'qfwvmrhuveqagxohtiypzznpfqxiyljkcedxnzycorznesmylujfnmnehfquyfsfprcgczuix'),(383,'Brandy Apricot',7.3,1,'ajqbfdfbrgehwblzwxrqpfnsyugxgxmruevpmxyjspbjgggihzediaifkthtzqezmqmsiaisw'),(384,'Daikon Radish',62.97,1,'sveupknyaidkwvhuotxhogynpfvxwkavlszrdapxkttkymrfhehlpnbwlyyhvdnjivyuilswp'),(385,'Turkey Leg With Drum And Thigh',7.26,1,'fuklbvrxoogbxobhrsigtknolfaoakdadhiwtojvgcxcakzsywxaogncbcglerucfbrzmhron'),(386,'Beer - Rickards Red',95.3,1,'uayvggwhhqapmmqeilpzhkgbychqgvaazcffakrnqhpqyvjunpgwmxyveswzqatzyfofpiwpo'),(387,'Pepsi - 600ml',14.72,1,'btvnlkczyrzfjypeqyizveddhuwkkctfduesvnxhpynxympyhjhyapiylcynsagwixnycasad'),(388,'Crab - Meat Combo',37.93,1,'lkuycuiiavunnzlhflcxpbictetnthcentepjxuzmejidxtzxjtubyzhcmbkcqqawpwyaepca'),(389,'Assorted Desserts',86.31,1,'haipclyvzudtipycizhqcizwfqkxgrltyjvamtkaqftnlanfdedlqpmlzjmplwcguwyoqrhbc'),(390,'Wine - Red, Concha Y Toro',86.45,1,'ivnqpwrwpixkcxdrmxtcymtiaysaoslznzgnhernywelzoifartfvdfitjukxmwjpvawkyhjp'),(391,'Chicken - Bones',11.16,1,'bjmdiryormhrlqeignffzrdvugbqinibzficnubziaolirmcsekxjxihqfihnntenvllhkgcg'),(392,'Celery',66.76,1,'ladwnswaibeisbmwepydpjlgyfbqqrimnpmdamipgsfeijxymzxfrzmsvzubwtibpxdvopzbr'),(393,'Corn Shoots',83.24,1,'jikqfsigszjkwodrdvdkjrzhhegtosgnewgfnxtssowibpzbetbindxgnthkiqqqfljjvjwso'),(394,'Tomatoes - Roma',83.13,1,'sqieaecxaponrzgjenbrodmxjrwzcfpvaatbrvzstlqzivprvwcjgdnfslkvuifmjxnxozgql'),(395,'Clam - Cherrystone',61.51,1,'yvqcxtpncjxolpxgcnwmzxrvnnjwgvtrjtjtxlfcxkhxunoycgyqmbaudimcnymhcsijcqhrw'),(396,'Sobe - Lizard Fuel',24.46,1,'krglnzhilscpfulwstdeddnnsdparocmeuitlxiytuxoryqthwvwszwgdqgoesetnllqqbaiy'),(397,'Cheese - Victor Et Berthold',46.65,1,'ryubqqjodsrzlrvokevmqzmtcavpcrhuciriugjuguaqdxnsqwebirqkdxgrtydgmumtzszwm'),(398,'Lamb - Leg, Bone In',25.16,1,'jqwromdlaivhkrijblafvxphkihwjutfhpbnfmgcotmwsnjgrcrkuzefakimexxvzcrtxkwaw'),(399,'Bread - Malt',7.24,1,'kmkplqzkgkbohalewdhzhfntyjwieuvxpvqtdpsveztgwmehhdoqagbgwpbxvoauwurdshxvh'),(400,'Beef - Ox Tongue',29.81,1,'fydywtvyqmvhouibatvghzytmjustlblbpnbuuegtdvetfilmccackvpaoglijhfeaeictljp'),(401,'Crush - Cream Soda',59.59,1,'vfnkksujuhpxznjuiiguupdgynopscqadtrxlvmpbsszjbubuxcolalffquugofzojpfqkrjs'),(402,'Beef - Top Butt Aaa',1.5,1,'flnwglkxwncledeqnmsqptmwdvuipfnjrydgzedqcxjvsrinljydwtctjtfbhkzxpsyqibtys'),(403,'Bagel - Plain',9.53,1,'kqqtmowxnmsywobccqylwfwvsxdsiqihkpbhcxrqdpcorchkprqyvtznqcdbnezvoznchphey'),(404,'Mushroom - Portebello',33,1,'ubzakzsfejjlbfqwmuonlvtsrraaqmmtdspuqgrtmrnipuxefthfylegwplwsfswpauloetsx'),(405,'Radish',69.79,1,'nhivefspztiaxsxjifpufpaodhpymifbbzdftyeiezlkwinnhuodsmrualocezteedlfumszq'),(406,'Oil - Olive, Extra Virgin',1.58,1,'ibmskgeencghcskgwhqgevyjbpiokfvxjspgajfljnxioskjausblrpyzrthetezonqivcrrv'),(407,'Muffins - Assorted',9.82,1,'ykpjhuhspdmckiprypqgluimpddqjtqjktzeqasqabwnyunxqjjklqykuyjnnttwytlsdfgfg'),(408,'Wine - Balbach Riverside',39.9,1,'avrfqkcyjyseilnskfqtfltfiidbwyujkscwphjezfpqaunjmfcmkzsefkktbpnqfjlqincsv'),(409,'Energy Drink - Redbull 355ml',64.18,1,'vxmmjmmoxrcwcjkpjlvftkemicezzqldnapcginrexnqdonvrzoaaeanvfywuedluohidxoji'),(410,'Aspic - Amber',35.02,1,'cvajcbqbmxykuqgjykekrnoyclgptusopqizozemfskskgizavrfbsrjeyctkrdmackspvnrc'),(411,'Wine - Marlbourough Sauv Blanc',7.04,1,'tnhyvvplrrigvlqformxdpztmxoftcrriqlpxoaikinghchbjwvvsaporyuhfqlqtxjbttpqz'),(412,'Cake - Cheese Cake 9 Inch',56.97,1,'wrquozcnharajskagkuaujiappopncbnpgyeavpecopfgxzicrowhwyleflqafewhfwiqcnvo'),(413,'Milk 2% 500 Ml',32.47,1,'lkhfbhhdxqusmncwktevmuvnxnohctbzphavuihezcjwtqsqrdqsggvgiqdgzsiayolitjugh'),(414,'Lobster - Base',71.67,1,'xoaxgowieehrfqqejglrnckdgrviriuzhpymkswvaaongpgxictdbbmxqjajbvsrudkssjczn'),(415,'Table Cloth 62x120 White',18.46,1,'vwqhutoohkklwpgxrkvlepkyydhuqnfwetuzayluahsvjbzdzimwvvoxssweszfxdsazhmrcz'),(416,'Water - Aquafina Vitamin',19.79,1,'ytfypmbrqieqtcedtzwpdoywcfywfcnggbtddzqgcgqdofysbxkiifbmjjbsjcyjbopgwdosa'),(417,'Snapple - Mango Maddness',49.56,1,'fqkapalkljqquvtislxalxyjppmsvtnfhcypigxghaiicjljylqbhgtkqicxzuzpyovvfoxjc'),(418,'Avocado',12.35,1,'dxinhrlfcepqqybitqqenyzrttaxjdvbgwnhxffwbisqsbufgrcbgvghyfdfrnvcbhvauakes'),(419,'Quiche Assorted',67.93,1,'bvnzmssdvvybhzaowdaixuiilzdadyjwpezvogokollmbyrtrsrigbuvkzbwizvfsbturnbrc'),(420,'Chinese Foods - Thick Noodles',16.61,1,NULL),(421,'Bag Clear 10 Lb',78,1,'httfzsuppsbunzmtzzulwcphsjwgdmkdxcrslwqzfyowlhpvkclypkcpcpvneebbkddkjdaje'),(422,'Flour - Strong',36.01,1,'eeyciqlvkcjnnryqsohfvniucvgoccmxwmabyxbuzeqrxmswrzgbuoenuwecwsodqbnkxiqyn'),(423,'Beef - Striploin',44.31,1,'dvljoalyktmjnfjvckqbaumjrslvooplgffxbikoqwjdyzxbhkzijnjrahkmtibofmzzasjfx'),(424,'Beer - Blue Light',33.11,1,'cgrksqfyzsapqmpgsbjaygnwrqkjblxhgfchzpetxnsivoofweocettdfhdjmijnujndlkimv'),(425,'Wine - Masi Valpolocell',29.33,1,'akozscehyzztvjkvtallzwyfeddqpgdlgymdtsegdirnpyukatvevctfgdmidtxddarqmvpgn'),(426,'Pear - Halves',34.02,1,'qsdmizalvjukwqlrfvlwdphvqfslsgwpoviwmezwwhagkpjrtzpgghocwfpzbzejtuezljqjo'),(427,'Sea Bass - Whole',4.38,1,'myleqmcrpsoglfrfpulfspgiljlluepapgydmxhnzpwjsqcbnztnsqeazqxtnzhrirhscrdom'),(428,'Lettuce - Curly Endive',51.96,1,'tmqgtxlxyoxzydnqpnoddbyggslkgbthaqgcfzaespdrgtbulzruhlwtzcfmjpetmqbldifne'),(429,'Table Cloth 53x53 White',95.29,1,'bumdouqhgubwdyrnzcumjdwrhkvlrthboaiauenonknuamggpnjfubkokauxeetetokjrtbxy'),(430,'Beer - Alexander Kieths, Pale Ale',8.57,1,NULL),(431,'Liqueur Banana, Ramazzotti',14.69,1,'kzwyouburootqconukaraolsbmcqpfkqluiffamavyratadeiodwidyesynnwhyplgegoulqt'),(432,'Venison - Racks Frenched',94.78,1,NULL),(433,'Thermometer Digital',4.61,1,'rthuimqodehfxcxpoofknlfmdoebyhbtmmhkqqmywdqhvxmhaesbmokgdzlyeajpvvpoezebk'),(434,'Onions - Green',31.45,1,'nhzdpnevzigklcmcxuztboukgezwcpspakmiukpcvcnkycviflopdwifrulxxefzsxbddboyo'),(435,'Apron',62.48,1,'hpdbccuznhdpxvqkvrwvemsgkwnmvxupplyrpvufleplvzynwpjbrqcudkdiczcicdpgadszj'),(436,'Oneshot Automatic Soap System',38.57,1,'jxrtohprmdvpkczpbeschuajedzpkgbvhqnzajhkjobizcwkcmnmxtvbokqdwcgwkcaljrzlo'),(437,'Extract Vanilla Pure',74.22,1,'kmgyjeubdupgxwoloffgfbcmykjwkfowezqddpbugeqwhanimyqymdiniidiqiactkydjbipu'),(438,'Wine - Trimbach Pinot Blanc',31.3,1,'pfsxceezruqgsufbkxvppbvtdvbizhuojjzkphrencvmprzqomdprkjggjzxxliehflesydhb'),(439,'Nescafe - Frothy French Vanilla',92.43,1,'ilbkatkywodnbthvmbxcdsukcqtnzoiillerbqkaktmmhbtntpxhyqxzhsjwmbwliyylmyqxc'),(440,'Mountain Dew',6.43,1,'psuallsgbpkjterstqmjccxqjduxrkqsfbwuhxiyexfojlbccuogalynquomjrvdootwizihj'),(441,'Long Island Ice Tea',8.73,1,'ltyujpeuhkgcgsyuqsbgcleutfbzqlbwomeolzztsyywolthtgcgtfjfkavzlybsajyfahpfp'),(442,'Icecream - Dstk Cml And Fdg',83.58,1,'llaqpirdlbgkmvfkatkyxkevoflbfhnpvrlbyuwgtmzasaadahdozxouczcuobutgsjdlltzm'),(443,'Veal - Chops, Split, Frenched',88.62,1,'dhtjseffdzdtahentbcbcurvbwkvlddhfqohdsxnkcpbptctbolxqgllgnqjllmtzzaitwzvx'),(444,'Piping Jelly - All Colours',62.29,1,'bbwuaruqvagzvxljdotgbdbymlyjicyylxrdterxuaybsckgelhclefamkwawptugnkhzytop'),(445,'Beef - Salted',16.88,1,'xhkpvmszdszawphokymtqtwupqcpozzizsyjdmsmvpohrwydxnjnbafbnpnltvwhvkmpkucwk'),(446,'Bar - Granola Trail Mix Fruit Nut',70.86,1,'yqerxatwqnyjwcyxphtdmnzxglkrsrygvmuxjqeaoibfuhozvittpmctwsznfmbyawmypftju'),(447,'Beef Flat Iron Steak',64.6,1,'liemofdtspybkppndupcoiwroljxupoyislrsnvtrmfpnrqexgshtrplokyiewskqfkogkacg'),(448,'Mushroom - Trumpet, Dry',28.96,1,'kskwoctuwkdfohukqkvycuaofsjqtdhzuzvdoonqtljsfknieuiwtyqnnfreqokupuwseeylv'),(449,'Papayas',82.39,1,'jfoohcdmxchygideoadmjipusfnewoqscifooslwusjverqyqowvrivyapmdhiyubxxezyidb'),(450,'Chocolate - Semi Sweet, Calets',70.76,1,'gregjhwgxknoupnyqexarckzyscmkodtvmcyijkorpvqgrvquqihaxxjinmrhoxwgchwgggrw'),(451,'Croissant, Raw - Mini',19.5,1,'auffvmwdeyukfdldbmyckqbwmadifnauwzxqpmqfarpucreebknlwuadpqmxxgtnupkujoumy'),(452,'Island Oasis - Ice Cream Mix',93.25,1,'xfioxjucgrhnxnikjowvvkvahyscexchcljmjhrkldltubdtiljvdodghmpjxnfnsiiivsfii'),(453,'Chicken - Livers',19.43,1,'jxwnehdjknqeasgxmhzmctbwfhjeeekwufiutakqhmgrmpiibpoouembhsxbeczfrglhgibjp'),(454,'Jameson - Irish Whiskey',56.68,1,'yguqpbkjxgmeivzuodtlktwqkqzoxmipycjwxyuwkqrbjqlspledutadbvbvdrymczlbqwtrs'),(455,'Broom Handle',47.82,1,'wvycbhtywywarkijehzgnfqespqxmlkersqhwgucjafwrtsqaikallcqnhruxgdpnmnlkwapf'),(456,'Cookies - Fortune',19.63,1,'dojvhnxnbjxbtbguqcglurdliyjaqdtsceikobrtlxgufdqmmlpefzrmkgidyjoifzumqwpuu'),(457,'Pork - Suckling Pig',26.32,1,'ovcapjmolofhtjtwclepqnhmphqmlqdoajwnxpotttltsslplbvtjjyjijarbehwexepwukqg'),(458,'Lid Tray - 16in Dome',91.73,1,'wqzlaqhcmkjnnchqnzpswufnnmerxkjrfprypmpqjlaefaflsylyxwqinluqgqigyqyahoqzx'),(459,'Corn Meal',55.39,1,'bjgnzajqxlrrwlmtkudwybcfspqcegnzijeemkyhkxcmqqlehfhfefpgyttlanaroybmlmien'),(460,'Pie Shell - 5',73.21,1,'slwndgqczuvjtsmgundyzkcpzivbpvphpqlkmgwzcvzmaobqiwpmwxdefdxzyqeeujyxmiwjf'),(461,'Wine - Tio Pepe Sherry Fino',37.83,1,'mxupmreubcumwjwczlyanjlpvlojcrkbeoiknmxwuduecyncdgbqgusumyrioctckuijdtgoh'),(462,'Beer - Moosehead',27.7,1,'railkawptenxybrxrfhefimrikdtmiprgvuogysuqhpmwqixbpuzdzacekpaiatzsqbsdrihn'),(463,'Shrimp - 31/40',74.48,1,'xbluwezlpftrcrwfoprzsmnxgczwnlskyeykvybaehiyxvqwmceouqjbldnzxvxudlxxjyrjd'),(464,'Icecream - Dstk Super Cone',18.52,1,'jcnzwegexmcdtlhuxfairzclqpppngverlhbvoqeqrsrwnzghfqjnpkgznbhyakypouhlawlu'),(465,'Wine - White, Gewurtzraminer',13.42,1,'wguyyyjspegfkeqhvjgiupjyyhdolscizegjdsiiragdvhxwakemvcxkaviepnciuhkkljjwr'),(466,'Pasta - Orzo, Dry',73.38,1,'dqyzfarrmxgujrvehukfndqhvmxtnfgydsoajlrpwkiswmnjecmvndanmnmpopiethgxdhpox'),(467,'Pasta - Shells, Medium, Dry',68.77,1,'fngnnmsggbqkxiqkiqmujneisdzqiloljccidguwpzfgsrguoyzjirbnwkgumhljdrvwgjbce'),(468,'Wine - White, Riesling, Semi - Dry',25.06,1,'gzvmgriasgtfqbpvdqpecahfukkmigfnutokkpwnbpsotzrofcnoufxspfqrqdilbgeppmhdj'),(469,'Tobasco Sauce',37.07,1,'xtvgolcgwkpqouckhaiihwvvztbmebawckthgnqlgjdlbcypnwmptxnvautppmqpklvbwlfwq'),(470,'Squash - Guords',62.11,1,'tkcfycaxhwobrgyjrmkebosufckrlixdmnuwcmsquiodyahoxysupiwbzoffsypfpsvcvlblq'),(471,'Beef - Rib Eye Aaa',95.47,1,'rdyqktojedbqdefxpwxiqeetarivldtpttybiccmtkncszrworgevxvyaflgdmfugdbxqoxba'),(472,'Fiddlehead - Frozen',11.53,1,'huterzyquzkobjndtjgeixoimgmbvxehtckkrooyacnqalyjrzghjzzbfaanvwuoamqqilhmu'),(473,'Wine - Montecillo Rioja Crianza',35.3,1,'zvrristmxpgjcetwajvkjxvmjsuvoxrbneszytworisrbbtxwzgoykppzfdlmlmvsgposnhwk'),(474,'Cup - 4oz Translucent',29.6,1,'vybqiomoiwptghprujxrhqbtljooridbgqukpihrwrzuuboxunzvvqeguvokvecnrpkwdtjit'),(475,'Beef - Tenderloin - Aa',22.44,1,'eeyzlncoymiqsoxyyuuqtozxywchmwmpwsghnojsloutrxookdroawwjvfxqlbbzwygbqixwn'),(476,'Vodka - Lemon, Absolut',91.39,1,'hmxvodybwfbpfnsfteotlbnfmcrfwfpfevppipikvqbyntghlzspqlpvxggfgrilkvegbvvyp'),(477,'Beer - Creemore',66.98,1,'zzwoflayohbxuublnlkvnckfcyebzarlllnztenaukgetyrukgvqmkoyduikpswqxfybsawnk'),(478,'Cake - Sheet Strawberry',58.36,1,'hyozkrlrfhwskbeyowaejahpoajbgvbdmvimvclialuryxpqnqvtwyynwdcmqbrmyybfhrbgb'),(479,'Wakami Seaweed',18.41,1,'ybizcfxoakmeszesxystksausjtdlvjhiffgtiwxjhvtqjitutifllzstqwmxrebtrnhyliml'),(480,'Wine - Sake',81.8,1,'erhenhvxzvfklzdmfegwdbyizgyajwmicnsnjnrydanrjzerruflrpelmgezqbvuugwhrinqs'),(481,'Squid U5 - Thailand',52.14,1,'zjewcyfyrvieefdyqhdviouyhpetabbfkmojuzqzcvmmnzeojnjfadeosefqnamhfhfimwykm'),(482,'Curry Powder Madras',92.48,1,'zjdatpaogddnhwkirejpoiwfbmoyjgnhbdixbhbevcojqpqipiksqsjcbgeerksmdourahjrs'),(483,'Muffin - Mix - Bran And Maple 15l',14.75,1,'jsgdssjsfjvfrucrcamanajtvgtojetjhahfzrresctfbybomttjzuerokvzaeecjuqodcljs'),(484,'Wine - Charddonnay Errazuriz',5.3,1,'tjgktqmlykozbyyvuppmrdkofbsurjacuonwjtezizrpqpnjklteokexhrxevbazbemzcjunu'),(485,'Lettuce - California Mix',76.83,1,'ltdxkoqgbdnvlusdgzigiacojuwjmnrxkyzwvtapfqrsspslzlouwhcudaedldbfhlkydecdv'),(486,'Fish - Bones',23.82,1,'ojmkhmigapjiyktaoaaziislfbqmffacmszzdwdyqcwbvuaakkatkaukconcknunovrdobzqw'),(487,'Appetizer - Veg Assortment',71.24,1,'kvaknjwtphsbdsznsbfrqsvzvkoirktaxsicrdqktdrjguomwzwiogcpwumwkxgmlxhwzkhzp'),(488,'Mayonnaise',72.9,1,'njclhcrftlakikwmsfxomxfdosdnrxcpjdyrfvhktlfgkarkdkbbrjsktuiyrvqkxuhqzkvzf'),(489,'Veal - Striploin',69.54,1,'fhaclegabuhavocfcuwcbfutnuhlvhghhzppkkjtufwmonxdsknevqictzkkbvwqhzccsmnih'),(490,'Wine - Semi Dry Riesling Vineland',87.9,1,'vvjualltgfazsoegqfoyeskpnxdbfkgjzirsieurgykjfkwloqgeftezqotqrxkagvpaxybhe'),(491,'Cookie - Dough Variety',90.78,1,'eclzztzoovplabgedmxvcltdmaevbawdkpgdjhxuqfyzsndqptrikbgewsizqhwvjqncorqyo'),(492,'Steel Wool',13.4,1,'hjsynzkeaqckaywqmknidcyeaysqbajpegvgfwndmlgsqyffsstzjiijhnbdkinlxmgiwymhd'),(493,'Sauce - Balsamic Viniagrette',16.28,1,'fidlqqxpxsfdbziglgjmktixxvdqnstrmmbeyjtuguvgqighilleydwjszmxjmhxjuadhcraz'),(494,'Beer - Upper Canada Light',99.17,1,NULL),(495,'Wine - Blue Nun Qualitatswein',53.33,1,'bsabfmxyigqzgsiftjfgbyaigadlfgrwfdxefehhxmikyduyhaxbpgplkohmehkwjudkiassg'),(496,'Daikon Radish',30.73,1,'yjijrthjgsqgkiruntfskazdtbffajdfgqyhbemsxunsiekxjuxhulzfzlxfiutrgqomkvvfr'),(497,'Pepper - Roasted Red',48.09,1,'bouyyyuaminzuathknbawnmsnxoxpckthxvlltbfalcxqliaiwkoqpfxqocetunxuirgbsndu'),(498,'Cookies - Oreo, 4 Pack',98.16,1,'uqmfrvunsndsoliiuwolfnbhxsnyqogkremudimehiifwvidigsnsqzxokqxbpzpmcstqbpzh'),(499,'Butter Sweet',75.46,1,'gxbsyyxukbxnkakcvkqgeggdsevsgzfzzuhivpvnsidglsktoypofcrsoajivrluvljwvkdnj'),(500,'Oil - Macadamia',92.52,1,'flxvyrauwozxbatbkvruvnwdgpnqbkdebrmqhlpyzleoacdgtnywkiskddjzfyrucxjgiolbl'),(501,'Cheese - Mix',88.93,1,'ddgllpfwifsyqjeaqqqhobvxvejxcpiwuafefbthnydehrthswsikphqjgdqthyslocrytcnr'),(502,'Wine - Penfolds Koonuga Hill',72.97,1,'uwymmhyeikprqmfeqacckpurdvtxkpcbfemhzviulwnueknronchwoxqgwdvizovrxvztnycj'),(503,'Peas Snow',58.81,1,'ikvvicpghhfnlajalxwjrzygkoruqynknurvtsebfpaaushglhkyfeagneyrbraqktfcskfst'),(504,'Celery',9.82,1,'cnkfoslytwmxkpjsemiutkeyjbnwgupkthmeggujcvyeakqdctfplhyuzgkclirikorpfeorm'),(505,'Cloves - Ground',92.29,1,NULL),(506,'Grapefruit - White',83.52,1,'hcndvlrqsxtoevkdcdwpauipczrrrsqlyyuhbogpwiwlwnrtgcilgaddwpdyfmtljywmszdbd'),(507,'Beef Flat Iron Steak',71.01,1,'ckdnrnxqratmozkovsvkamxizwyyoslxywozjncqwmqrhprleanibnptqdneeateuprzevfhm'),(508,'Beef - Chuck, Boneless',30.97,1,'fhpkdduajasaembjzfegfvqkczwawafrkhvfmhqlivsqqnyrlqxshnectohnlsjqruvhmardk'),(509,'Pineapple - Golden',82.11,1,'urnyabeimeukycnypucjftmedaaxvqikeeqyvkymurvgiwgoawnixvmiyjnlqfnaeymcxrgzd'),(510,'Sauce - Cranberry',5.73,1,'ysnlltoyrrlqernahvperdexrwycjtshuxoylyerwgfoiplxnyxkoncwfjfdvlolwcglzsvep'),(511,'Cheese - Feta',78.86,1,'newbhjvktnfrlulalqgjtkrtibjzbodtjawnfuwqvfvxfhuynqqdkqtbbksisejyxrpobuhij'),(512,'Muffin - Mix - Creme Brule 15l',10.48,1,'nkyjpfugeknuwajhmxrghqnodlexlvbljydoxqrxtispgawjvtezdjznffzbsowmbblztvjlz'),(513,'Snapple - Mango Maddness',65.19,1,'cnsyxojoqlkjelutpnmtbscbzhncajjldolycrvfscijxueajekhxqvlqgvkmfttvstonjffh'),(514,'Napkin - Cocktail,beige 2 - Ply',54.34,1,'paylrghtlpdejxexozrflxyphcnicayyaoagxumlpruzhyjprgwtfkjvakqlvakbkjsvuwytp'),(515,'Pickle - Dill',81.53,1,'kybunvmcgypmavenjzdlmlsybancnkvrlwxusptodydnowevbpwyyydlplaedufwcmodavefl'),(516,'Cheese - Brick With Onion',41,1,'xuarlvrclulsceanrlbcptdkvilrqfcyscasvjbdljrtbpwvlicjdmnhymkzqragwyajqzuur'),(517,'Lobster - Canned Premium',29.01,1,NULL),(518,'Pasta - Lasagne, Fresh',69.72,1,NULL),(519,'Cranberries - Dry',45.37,1,'elhwcfvukqrhkixlsvfmdpapffcciizwepksypoggdbnlmkbprslpydvrymeagmgumbsjrpbm'),(520,'Ranchero - Primerba, Paste',99.92,1,'cgdhdywwdigxasznnidycuikbfoncyiitysrltwjuhfyutzcwmddamdaifkodafafmzicrznj'),(521,'Tomato Puree',41.39,1,'haacnjwcnrkjwghdlkutpbxnbjanaeoaglqggnoqxnijypcvjvwmttbhbaqvbhtbtlnknobji'),(522,'Bagel - 12 Grain Preslice',91.49,1,'caewnqpznfopfhxhwjpdgphotsixkhglpczrospbsznrotogftxiwiiijcimgopxdfzjbjzaa'),(523,'Capon - Breast, Wing On',27.53,1,'wnbaygidmoleegrbtwucvrvqhtdeyplkhlsbffqhpyvwtlmaennpmuhrthbapinniwmpxzmji'),(524,'Lamb - Leg, Bone In',15.95,1,'smcgwqzvlxlwbgvlnsjsogrbcdggfcsvklngpjbwrcwvmbtjaccqbdfiaqudgxojrfqsbtyiq'),(525,'Cheese - St. Paulin',21.3,1,'giwlouamhwijcqhtwkvseqdvzmtawrwmxedkvcnwfztvusqxsxjkqbiergljdcxjxckonjxse'),(526,'Mix - Cocktail Strawberry Daiquiri',27.7,1,'nbnmcgfziikattqijxfzsjyalwnhhuxhuylorsgtbimazycquxttlueznsqsahjuwrzojnfuq'),(527,'Lemonade - Kiwi, 591 Ml',71.41,1,'gjcgfwtqpjhsnbvdbukghpikqciyduuylhcicnmahjwxxsqwndmjbhqfpgbankjcpycxxcfqt'),(528,'Beef - Baby, Liver',41.72,1,'jelwtzrklrogoeeglepglgfzozcyweoglwxbeuxrndlwooxiarxvenztrggembbmgquwzfmfg'),(529,'Veal - Inside, Choice',50.35,1,'stgtadcrdvygwtpasppurgjhktlrdkmbmkcozixaxuzhpifhitwouopsannbguuzllyijssyo'),(530,'Pie Shells 10',7.89,1,'viaayzbryvsqtjqbcgwcmrrchkbrjnzzvvmcpcejozvgblndexrarcehoxzepcqpqsdawhayw'),(531,'Rice - Sushi',19.6,1,'wkuypwnjabxcseoyrtytjatejvmwikypqbdrjablbnnkqxshpedvvpsnntzatwduqxzexluau'),(532,'Cookies - Fortune',15.07,1,'wdxjiyzpwkdoalrwwbowvwqskzhknkhgkeyqgvqfejcqfggivblvltoggqoyftkqmcufzuovj'),(533,'Tomato Paste',33.68,1,'uhyiptspnbqddmqnvaxjpzhnsiwdlxytsdvsirowubxjyovanenjkcetcaqudwpudhbnltdfc'),(534,'Kolrabi',67.56,1,'ofiqvcpzrhiqkizxmctqygejikzgkapekjawhcehkxcsrzzwxaofumhmxhkhyycziqrxejago'),(535,'Appetizer - Assorted Box',81.56,1,'ayepfdvwzomidwqafirgkoofmrrrfddeyedqihsvenhqajjmqxqdwkkljhojtimhxpxukfbdt'),(536,'Wheat - Soft Kernal Of Wheat',62.88,1,'fdgjxshtdpnukvrxdwcvlanjxsqawckalttixguopdzdvkfjkssjggshkyhoudlluhgdwsuyi'),(537,'Rum - Cream, Amarula',3.55,1,NULL),(538,'Raisin - Dark',90.95,1,'cgvdpwybcfkriysvqieqaxsknbcetvqahacaspizshgmyacnnptnnzbcbflaqvfebpgqcljjs'),(539,'Club Soda - Schweppes, 355 Ml',87.52,1,'eyxsemoadpafkokvzospwgxzymcpdzytodgxlmlqscpknuupufyejyunjoadeuhyghdqqsawu'),(540,'Crab - Soft Shell',29.84,1,'wnmohxvwuyxotxdzxwtvqojwpyykaymqdrjlvmwnbwtxabhhkdcmcrzqwkjcsyfzskbsdundz'),(541,'Drambuie',53.25,1,'snssvtzxiohxunyyqvipnaubghlsjpyilfpzmywvqoczllosynjwndwzgtjgqlwsreewooxzc'),(542,'Corn Syrup',2.83,1,'xagjakgeqoccnhooaybzkhjnzmvxrzxsjvjhuudhwdcagwgmvjiyuigydvbgzznoapeqkvimq'),(543,'Carbonated Water - Peach',7.55,1,'dvikyekzdebfpuzfnpwustzieirgoqyugwtcatjvxlvdsfdjdwuahmwabvetctlisopubteiz'),(544,'Wine - Champagne Brut Veuve',89.96,1,'ibjsovgemwpjjcyybhsivpgxuobzknaqfhbhyblgithcqorrpuevyzdpyeplqnsmfgxuztmys'),(545,'Pail - 15l White, With Handle',57.04,1,'igupwmsbyzifrshvnfzbumyyaydegyeonxrsmtjgufiimyzaxvsqhxqbadfiijopiwtbrkadn'),(546,'Clams - Canned',99.91,1,'qodqgbtsnqgbyunkpbkyclxfwrwnhlplyxxuzbpmiejafxsjcekbnvbednelpboqrqitgtbgl'),(547,'Sachet',88.6,1,'vivumfglsovcvivkjfcyebxmmoheuldrqbxfcvjybydvrruvfkiotmxyewrkzlivgfhxhnnlg'),(548,'Crackers - Soda / Saltins',88.87,1,'vejingisgjawylecgposchkkvzjtjuejjtqzrpmphiexqosunnjjjrubhntigemuthhzkuqtb'),(549,'Lemon Balm - Fresh',13.95,1,'ivaqnbcmxfnkcfjuwradhwxqrshbejdksyunhzrqlnalvgdokclxtgreddejlsfuxvgtyxojh'),(550,'Kaffir Lime Leaves',51.79,1,'vddwxyqpgfifgjrluyvibnbfbwlncjhcxjtreqvkxuiqjnyzfomkmswkleosvsxcvqqnffbmx'),(551,'Yoplait - Strawbrasp Peac',45.74,1,'aqwiwbhwcetqtayghqkgtzcwejzbcllwikzjetydjocbyzvetjnjgiqvkiazxvgleovuumuof'),(552,'Ice Cream Bar - Oreo Cone',74.93,1,'mheevsumligdeogofzelfatvyhpkwiqorguzhwnadnaboajhqrniipdviwzxiybmqluxakyxh'),(553,'Clams - Littleneck, Whole',47.53,1,'fphbyvukwjhdlpjdzvvkwwopmdxuvpqmpcwoimntkbaeibnyemyjrejbitgqqnlrzcvssyypa'),(554,'Glass - Juice Clear 5oz 55005',11.46,1,NULL),(555,'Meldea Green Tea Liquor',14.48,1,NULL),(556,'Table Cloth 81x81 Colour',90.54,1,'kmayopcdjysqjlzebeyuilgapkbpppfmzggxztyqpzctvkwrnpsqohgskuwspjcvsgocuylae'),(557,'Tea - Black Currant',86.1,1,'srjcrkchhjfssxzacyqiommvjkshymvacaeqycgobjbvabvhpjibrycmesrvkbhofogvvmyrx'),(558,'Crab - Blue, Frozen',44.87,1,'xjulnyfxlvrqwemhtarlgtvnevuurastpqdoxjtcqfywvkufjfnluhavxzevucisqpcjyyauq'),(559,'Wine - Chateauneuf Du Pape',36.7,1,'qdddbfrwbxblanjukuhyuujzpsrvnsrvaunjzgbbcrbnzirnsvfwrxpjaadxymroglzikfigv'),(560,'Cake Slab',66.1,1,'jiraidxskvrjyxtsipzewzwrwnlocwebvjtnbfozlbunyhsvoqksxafdxevrbkcjwmfjvnlre'),(561,'Pepper - Sorrano',1.38,1,'inlqhfegswnltltssiuqdazntpemeusdjtlinqioapsatqdnbiuykajnwfzztdtvrlxeqyrhw'),(562,'Apple - Delicious, Golden',16.13,1,'srlhnoktyqppdszjdrhsnylheadvumzanvhmcxjvjvydnddygusbehoqxgntnswpycaerjalr'),(563,'Instant Coffee',22.93,1,'hkermvluqbglrxittkljvqqswumkfjycnjyuvcuzmqrcetpflxtzfviroyorkupuxpqjardan'),(564,'Chicken - Soup Base',50.28,1,'zccvbruilawwaxoflkijwgsmyzltrrpatwgcpvocrqccvovqmnutmewwfkxdiyrhlvddlktgn'),(565,'Beef - Chuck, Boneless',14.4,1,'locirmzsiiawtlgaeajqtyppkvqhspxbuifzhknrrglqgkcjrckwflnvzrrexpmgafgdbfisp'),(566,'Wine - Chardonnay South',20.02,1,'avgdkwornrsilgwkektxdmsdzvzrwcdscltorojdfvogtgnlazaeittxgjkobicguzuyjrueq'),(567,'Cookie - Dough Variety',79.46,1,'prnbtihqpwwbteoyvsnkyhgcwoknrcazuvbdbxpjywwgsespctgwwlurbeeipxjqsdgndcvcz'),(568,'Salmon - Canned',43.43,1,NULL),(569,'Remy Red',13.04,1,'hoexayxhhrdnzpwkyqmofznpiirtcvrutsgsfbojqkmzbourocdepiaosfbjglbypnqrmnnwp'),(570,'Juice - Apple 284ml',21.4,1,NULL),(571,'Spice - Pepper Portions',52.35,1,'kyrfujrfjmpljntcqxpzzhmpdodevfyfcxjcolvsbgmlunihefplkhpwtwribtbjmphjutomp'),(572,'Veal - Provimi Inside',76.75,1,'qfpqhidgewirwokmyjdsfpluecqwrhwwsuclntigtccqgnreaehltfgeqdjhzxmcavldlyydx'),(573,'Chocolate - White',61.1,1,'vpittdcpetgokftpmklzjaewvpzkihxftmdyjzomcwmodyebmkoerwotwnheikbgyypuxubid'),(574,'Wine - Toasted Head',95.29,1,'lhtpnzuajqtanefhmksdcdfkwjkwzhawmxvbpbwbqeammmipaohannphjvdgrltbxhxwcgrkv'),(575,'Roe - Lump Fish, Black',83.14,1,'wuiwvoomxdwncxxxpntmtfdozbyratoleaqvwnbcxiikxzunkdndoegubnnvussrsiopeovtr'),(576,'Coffee - Egg Nog Capuccino',87,1,NULL),(577,'Broom And Brush Rack Black',95.03,1,'ugrchxdhwsjpiatyutprbayvwycztrfgbgouyqixhzcnicnhsjopkggeirgweaucfwwwybfgm'),(578,'Nantucket - Orange Mango Cktl',1.98,1,'odkmgtmartgywquaezpdfnotrbskaywwkvtaznlckpggmjincusikyugnegealanmrrpeynch'),(579,'Soup - Cream Of Broccoli, Dry',4,1,'gnllhcppdwrbfagvkbwmcnhgshbxhhvyylpzvljrojnlatkpaskjqivslggiwgleqooljmscz'),(580,'Banana - Green',56.8,1,'ulfxeodksmpglfcpfvftoorskonviepzjhgmaapalhmnvxxmtsahqccmrzquujweymmpmojrg'),(581,'Ketchup - Tomato',9.32,1,'dmgmagyxiintwekezgvtilduiixyttlmgglqkbsmyqiovtmrayszcfdcxxhhryrxbbteuvqqo'),(582,'Pail For Lid 1537',62.47,1,'jbuqtlfnccwrvshtokacppvzqixpdfwvgbpyzusxtijypxzvlyfuxmwbwbtnjrbntkowffypb'),(583,'Muffin Hinge - 211n',18.21,1,'uiwvvtodkuewqzcaoibxfntwyqmjctgojbmdqxvyubutwsmrapvhennogkuyarafcworqfysi'),(584,'Beans - Soya Bean',35.78,1,'vkbinpfwgoduorplelshhxuphpmsjzdzynhogulxrxveaowiyayqyueewyjivddfsjwgmldvk'),(585,'Pepper - White, Ground',12.04,1,'ziqmlegjspeclhkbqyxeadfkilqopjnccjeusilwqlxqzhgcoweuzxaewagqpqxhocuymiflb'),(586,'Tea Leaves - Oolong',61.83,1,'kuykrezccxsynongoeserdlpkynsvaopcrwqvhzpfpglxkrxqqdspdqpmhlazneolbsdojfxi'),(587,'Clementine',99.39,1,'sqfaxzrwlovciciiolbfuhaeqccxlwnaxqjezahdrhrkixudtgfjkgwjbgipfohljduzorpyf'),(588,'Beer - Sleeman Fine Porter',90.78,1,'wattnzjjiqxdumtwauqrywwopbpjzbksknbmythphcdekvldmtveyapteiwiprowhdgvrwmfl'),(589,'Jam - Marmalade, Orange',64.86,1,'iuggetzgcggbmytdfggodrucsumlvmhmpheyzygocqwxygqjayobxxzcsuppdtekxulrloviu'),(590,'Pastry - Apple Muffins - Mini',18.37,1,'jyzkgrdcxiffzadetytdwdhtjyubufrqgumlpgqdbjwwwvznhprcrjxpfqdsvpetpmhfuvamy'),(591,'Vacuum Bags 12x16',85.13,1,'shetulgwfdlkscdniudzccpczeyfsloscbepjjiakshgjzyfbxsmkhhxdpelvewuyalwkezys'),(592,'Samosa - Veg',70.08,1,'tyrfgiivcrtiftoaonkigvgbjukmqwjvsemavaqijgvhrneqroblzzodqotukmfltkgufxmxu'),(593,'Beef Flat Iron Steak',24.81,1,'sggdhsmfiaagjofrghtflwunxrdhvbbdamfdsqwqlcqswbqsvgzqsmjramintrrkzrnfozzee'),(594,'Fish - Scallops, Cold Smoked',10.84,1,'imapmcvnmhitvgqoiqubeaqzgwfhojbhdsrkbvbozliykskdejddtxmzmufpkvnhfytwwyiup'),(595,'Lentils - Green Le Puy',75.68,1,'rpnzeisvaddoshvekchsyxeprhlbmdeexnajyzvbhyilfdzdsyixyemaohicqznupbohkesaf'),(596,'Venison - Racks Frenched',30.37,1,'kffnugwxgjbqjonyxblzsuhhnodfyctyutrlkxpgunslhztqngyealykjurbfdipqcpvhiolk'),(597,'Tomatoes - Grape',96.49,1,'blujawnkiiivgvwyfflzycwbodxpkfdbjetthdwdpeelaopoqjvxjkgyapupsewzrxfzvwwbj'),(598,'Apple - Custard',94.05,1,'rsowhhjfumkgzyzoxjbyhciiopgssqqormhuxbfyfccxbulmllojufzkcvpzoevpmlgjmnuws'),(599,'Icecream Cone - Areo Chocolate',58.82,1,'gufzmvhevyowxreqbqmxsexwqmomquwihmmdkmrmkyjbhloazkbzmcbyfgwmywdgxrnirftwk'),(600,'Vermouth - White, Cinzano',34.38,1,'kvzzfjfuqbaldwmyqxkezrzuxyxtepsiohgwaqwbmpbvkfwncxxyknlzjfixsqxxbszhhnfda'),(601,'Bandage - Fexible 1x3',61.76,1,NULL),(602,'Sprouts - Peppercress',11.32,1,'afbkyttqvopvctqmlxelbrtuskpmzqsgnqafbjjltcwkdfoxvbzcclurehzhpchordwpxbvzg'),(603,'Nantucket Pine Orangebanana',58.99,1,'yvvfpltszgowpeuorfwiytcyvsibwbyqquvnqqlvwqujnxtbwsiepisaredjvdcxablcrvkoz'),(604,'Water - Evian 355 Ml',35.52,1,'wrypeyjsudrqdlrmnfktzkirdrckfndziffitugbtapmxhisrwzumyxglwybwovgqqsenpuhr'),(605,'Melon - Watermelon, Seedless',91.25,1,'iybxtbfhkwvuopfszrrnveohpqwxztflmjmyninrlvrghjwjqniczyjebycsztwskosvcxglh'),(606,'Mushroom - Lg - Cello',99.74,1,'qdgbpzvfnastvqhskvgwkynkwvevlxtuxrzhglcijxzyrmyolqstgpwwqgxdxtdtzjruqfbgt'),(607,'Wine - Pinot Grigio Collavini',70.28,1,'ujekuggviszhqierdbvkmhvuqrtimpnrnjznhymrrehcafadzimxbizjxvviuferumxfmcgel'),(608,'Pork - Caul Fat',43.4,1,'kpqldmoirrvmvvnyqetelkdtnwgdtubsnixsbvchztxmaaqsmlomyebsydjmqstzkacfpwbxj'),(609,'The Pop Shoppe - Grape',17.88,1,'nbjqsqqhmqifsmyawlstrclpfvwwrluncdnstmrbeuknwhdpszflgtsblvlodsmnqgxgiumut'),(610,'Pears - Bosc',97.89,1,'neahxqoxriueqzyamapbmlysseiqpmvpvfkvfbimlcgapghzenhojmzxlfdooyhespxageqgu'),(611,'Cookies - Englishbay Oatmeal',53.84,1,'qdoeqbechgrhkhoftzdcjdddzoorfncnleqfajninzduejjjyltedljbdurudhpzmdjqwtcvl'),(612,'Cheese - Brie',31.88,1,NULL),(613,'Beef - Short Ribs',43.58,1,'paaewpgruxiolrjtzqelfvleaxcxwappsxrliavlzspnovqjmwpbkxoilqgklasxqyduagsxk'),(614,'Kellogs Raisan Bran Bars',39.06,1,'hkgdbqastagphloavrvvcjoudnlrxbetubpntykksrkpnibyhtdaoyzkzqpuhgpruxljzpnfi'),(615,'Lamb - Whole, Fresh',37.63,1,'apykaposqfbigzqwaxaqolulvwghnqpprmgfnwhdyjhdtsmzabprrnybvufbbakbuipnpouph'),(616,'Tea - Vanilla Chai',28.55,1,'pvuucqbkctaijsnbmwjsgovnuskmpuuupxnmrqlzexihcnfulodcnnhgxcmivwxjobkietwok'),(617,'Energy - Boo - Koo',58.2,1,'eyqqqzptpodjoudbokweqivufipkupldqsvbeelqlggvnglfhtejbovscpufdxmavxltgsfxa'),(618,'Mushroom - Shitake, Dry',56.5,1,'kppzfjnyzhqqlkxxbymeyhkrjoelplsntqbwnxckpbqmydtsnhxihasmmhvgljurndmllquxc'),(619,'Juice - V8 Splash',31.48,1,'asnpblzsuvdwukqkmmjnhadusfzmieikafpeeqjlmfsofqbshruswacmxaebifcpwexwgwble'),(620,'Beans - Black Bean, Dry',78.54,1,'whatvucqdfmipplcdyywmmlghzxcqarwrxjbpbbkzqqmsifzhzgujvhhfnvazbxvvxxdbpbel'),(621,'Lemon Grass',51.11,1,'wjywhxymdgnexifomnaeyuaubopvncfjddbgoanjwvdtqmgjmmrutzrwbcdrrqwnsooggwqqh'),(622,'Pepsi - Diet, 355 Ml',32.96,1,NULL),(623,'Soup Bowl Clear 8oz92008',56.08,1,'ncxijuzsckttbszrrnrkprybkubyxbpkakqzpfqudoovxnwtuqrnpgxhlxxuunlpdtfdmkgdn'),(624,'Wine - Casillero Del Diablo',2.01,1,'kejaigdnuqgoclraiptudjzyxzijquqedahjfpozspqgspqfcoedcjwpauxkhiijangsdvywj'),(625,'Cornstarch',83.41,1,'efqxrresnkalcebsqglxwommbpvibvdsmtvjofskhykbxdysgkgariaspojaujlawbgylizpx'),(626,'Oil - Shortening - All - Purpose',99.58,1,'fmnlmoydlltwdkryncumyvnmzcpiwjnopnvjajjcbrkbtlqntinbctfgtrebljstwfwqrwvbl'),(627,'Piping - Bags Quizna',74.51,1,'doeuyzltzbdwyarhfliqchjlamhiyseobydynpwczrpoeojnhaybjmbfrszfyhhyrwhkxgjjz'),(628,'Beef - Striploin',42.62,1,'insmvrafsxssukvxudidnqzumsoobewbdrmgbsbfwgzuvgvywkeipwypdmxoqhwlqnrkewmgf'),(629,'Kohlrabi',56.02,1,'qyvqhtgzpevuuxcrmmkyaykcnctcpqbmclihvxdysrwsqjsfrqkwhwcvsbwtvtqsndoyviwkh'),(630,'Carrots - Mini, Stem On',87.7,1,'xjfqjsnnhwiwojoiualikfuapfvqsrapasyiavtkgbokihuueqcdngtiykrmdhgfbsosynrsf'),(631,'Beer - Paulaner Hefeweisse',41.37,1,'drswtyzgjauzpgjczpwfgxcxlqosjhbczdrvjgyreinnwozqxefconrdnhsijjioetfjsgrop'),(632,'Cloves - Ground',33,1,'dywrvjwhbgjbrhuekhqbndrqhijbftldxerqygjeknstsljvyqhgwmfjwskckbpknmgtletpc'),(633,'Scallops - Live In Shell',38.75,1,'vujwxyugvoivwizyxavnxauhvvazcqkgrmuucnzeaxgptvdmiukbmqocvrktxwxmcsuvfjqez'),(634,'Gelatine Leaves - Bulk',92.01,1,'pjsludrogjubeakbxyglhyjgkviopplfczkhavkuhugjrjzrxnnkucamqqsseopixbiswbsfz'),(635,'Rye Special Old',44.02,1,'uoagewkkzwjykcdugmyxtbibrstidbwtvcnnjpjzdpfaegqkfhwvuuxfixjsrfgnzmwiwkjai'),(636,'Muffin Hinge - 211n',1.46,1,'zcjigbsyptmbzbkpkhleswxeodgrqswuedynvcckhwxajjkzgjvjynabkijoicjsjjremkdsg'),(637,'Mushroom - Enoki, Dry',90.19,1,'npxoeuyundovlroyqtrvclnqndzaxnmqestfeepkkyahmfiinfntqmcmlwgttyqilejkqldkd'),(638,'Cod - Fillets',64.43,1,'ymmnsrfukkfeczmtmfdycwzdcxfxxlaqrsungrocrjdlrooykulkvzybrbpkoyzuhxeurshlo'),(639,'Table Cloth 90x90 White',48.34,1,'juglszozmzlzfmxddmtrzerlpoemuifppagqjztbvlhgpcibizmfquafsbsinnuejlkknhjgo'),(640,'Beef - Tongue, Fresh',69.51,1,'psdsxeawritequvkmruaajaaoliuprtcyuvmnkmxlilocrlzjeiwdeeimxqxqpxnihnzmhhlz'),(641,'Capon - Breast, Double, Wing On',85.14,1,'wmemoyjmbjiujjqgwjertszhfejqmejswzanvixfbgwgsmqnsreqsottsyhdiyzjjgmfzlnzu'),(642,'Filo Dough',8.39,1,'ocwdbvgdydyvgbjpqdotukfxgmqcebnevhmtjrgwvpbvonjagnbbojnzcuamgsvkdrsmzfxqi'),(643,'Triple Sec - Mcguinness',63.74,1,NULL),(644,'Beef - Sushi Flat Iron Steak',80.05,1,'iujqjcaqbnedklohokjangernpueqhnxehvmllijjlzbvmgekryofekcsllhuqexkzhpekuiw'),(645,'Beef - Rib Eye Aaa',95.66,1,'eeunnnjyzkhaagnapyfpdgaoyzuetadclejcbtursfalluzkcweoyvxpwzegjglrsvfhqsbpa'),(646,'Five Alive Citrus',79.76,1,'fxdqiuchitcfseuapesxjvvayklqloqmgfeuawopxlmgxdqbtgxuxbqmkxnsulycyjresnrid'),(647,'Turnip - White',50.17,1,'txxnbaajavnwqozoqfeeqyphwtszerditicbywqsccfojnjpmoqournswcjafujjgcflqtifd'),(648,'Persimmons',76.96,1,'lfectsmvriocepoxgmhiwyyjurorjtwnwvngzwazekpcrkpjhgqkynktqtsvtiechstitxtzt'),(649,'Apron',15.82,1,'nbvnhocjizwucikuprbqwgxgeeozvzemkjrlgthfpywelyignbupnpcvyqphfawavvxvfaqpa'),(650,'Foil - Round Foil',67.67,1,'tpodsockfrmaccrvdsrwvewzeofrodzxwtqnzoulwemdrcghuarnohtaajcdekizghvjwdqvu'),(651,'Sour Puss - Tangerine',69.68,1,'dfyacytmljfxmuzcchyouetwkulgxqjzudmjekedpmxekjhnskdruxkkegdgjvllveagftfur'),(652,'Skewers - Bamboo',33.63,1,'dluhgcaoksnsryfqcyzbpohospcqecxnitmvqnlajpfyacnvgogiuhbxwbemfaifoejjqzead'),(653,'Nut - Pine Nuts, Whole',49.25,1,'qlfdggjlqyudnusxdvkapylvjdecbwasfpccetvwrooocenmzlssiyayzgrewxexhpgepxbdv'),(654,'Lamb - Leg, Diced',95.09,1,'mlqkomhnlnuzwwdvymfwutaudtguthkccjzzcsqovzejrotxgamzkxdboxyntjfftaenemcdk'),(655,'Strawberries',20.31,1,NULL),(656,'Muffin Hinge Container 6',95.31,1,'eccvibdbacsyipypmirimxtowexhmeuwrzqfgcyidembfeeergamxteeqxwppiorjnnocnjjt'),(657,'Rhubarb',48.08,1,'pecwmxepycvfshlqfmaxnfqncauyfkhqbeehqjwjpvngpedpdaukesnweilzomfevlzxauilu'),(658,'Wine - White, Pinot Grigio',93.05,1,'npspbdlhphilmesepmtsfmgsukeqxjcyrzbuuodhwmfrewzsxdkxneontomndqopzaufkfwgj'),(659,'Rice Pilaf, Dry,package',11.79,1,NULL),(660,'Coffee - Beans, Whole',38.71,1,'jxtmabvjqcwmfprjfawrmctpgbzlsiitsyclaytkfpqnywsepumkumqauuklkqchuhxsefdqo'),(661,'Tart - Butter Plain Squares',85.65,1,'ubhermwlhwvqxkzjzazsigckfdokbnovpnfjedovwenpvpatvdbwjvxtqneimatrioekicigd'),(662,'Cheese - Marble',19.93,1,'jnmjrzeedhddiqzuqzlxfiqhsyvioaezdegbhqtjuniirbcttkbahavdvnbblykbiqktvngwq'),(663,'Sponge Cake Mix - Vanilla',10.5,1,'tswogcsxzdqiflfovbqsoefzexakhmpfenhioxdyjkmgvvvectdfocajltcfurryuyuzfncpz'),(664,'Kellogs All Bran Bars',29.54,1,'akxifgebphtsrwfhhjmypeoedtkppwjzvnwqmsnwlegdgijegyizbooobsuaefoyqjjunwrwr'),(665,'Juice - Apple 284ml',45.08,1,'zibmqjjrblrvndjvedljeiognbuuifqxavcjpmynxmfjbvrnammtbkrocasdalqhosmvwjjcl'),(666,'Curry Powder Madras',20.24,1,'aihecrzrikwyjbzpemdwhicpivahrobuqumndvujayvvwjsqautvbeqheljwbopyusljllncy'),(667,'Bread - Wheat Baguette',15.27,1,NULL),(668,'Milk - Chocolate 250 Ml',73.23,1,'bwjxbgqljstfcbewlskevcrvkordeuoecbhkvdnolafjnhhicawhuheiymcdivlizonfcxvyn'),(669,'Tahini Paste',29.02,1,'rwqcuoxvrfnkomsikwjzqdcypotaztokveqtgzxxgwgcftokohnywtbwrzceyswcpfaagkjsi'),(670,'Bread - Sour Batard',89.19,1,'jpclykblypqcxvcbzzolkmwmygldrfzilbfnloexzmuidswxjyaeypuvgmbgqlhxemwtxidbh'),(671,'Magnotta Bel Paese Red',1.82,1,'duhazlluigsnnfbewqxtrifbgtghnzhexcdwzfemipucxpnycescmyijxevhlyhhmvkrulnfc'),(672,'Wine - Delicato Merlot',90.07,1,'tebeujsrumqkolwowknvlubqijxiamzpoxlheyiudnhnnikxvydooarrwhcpoqoukbbhbfypk'),(673,'Chilli Paste, Hot Sambal Oelek',1.15,1,'sashfmsmntuwiwyvdcsyxqohyizuehlokhcfzphasvnzowrzlaecejlrxjgxijcllgquuxuwc'),(674,'Broom - Corn',28.53,1,'zzjszmducpwwjfaxhrnfbacopzswrdgiuzfldjlddnolvotskkgzwqzlfxqjfoiueuimzsmlb'),(675,'Cocoa Powder - Dutched',97.69,1,'svbcowhazgeshluhnmhbabgqepjqbowhfktwwiubtrieszosmkcmhpizvgzoczppiiuweldbq'),(676,'Table Cloth 90x90 White',75.21,1,'pqadltxmmprqcybsbkkuvmyrdgemlxsnihvrdckbqxsshkwnuakntqwebecjoqvtgflxtlshi'),(677,'Langers - Mango Nectar',34.27,1,'ppnapynepjgasthlsnilpwnsgtwhzcaxeorhvzgghhmojkpisgqzkjxfcmuinrkapuhmerbnx'),(678,'Pork - Smoked Kassler',24.39,1,'ihjulyqjincvhulqkftgwmduzumavjvdobqkjzjialpuoxthenyscbktvqkgnsdswnjzzsork'),(679,'Soupfoamcont12oz 112con',60.76,1,'qncqugnpngdcwhyecxpueittwabddbnuchyvejposrrbpxenfzyqkhvpkpmawidhiftrbsabc'),(680,'Bread - Ciabatta Buns',54.23,1,'xjyvtcxktasddckxcyutwmcuiregxzkupvequgveprhybqmkngpodzkllvpivhoacplwlcdnw'),(681,'Sobe - Cranberry Grapefruit',41.28,1,'sjewhbdboigpcyanfhwqiutbiivkizpwnjhubfimiuknrwqkppvfjzuhbwwfvqomxqlewliba'),(682,'Rappini - Andy Boy',10.03,1,'zvxwmayvlpjdjgbqkjhnnbpikisvupdxycrwrqkzycnhywirmgzzcraetarqvbxigvajiorck'),(683,'Squash - Acorn',89.83,1,'nabkakbuoqwdshwiimdxmuiioelyzzkxsktxegfnfagfucrwoqlnnncabglwictogqylcbdng'),(684,'Cheese - Swiss Sliced',80.63,1,'tecjqnailpupurisaevulpmnwlskvrfmdwjivcygsfrhngvlpxyvknfjzquixzluehhfjzizw'),(685,'Beef - Tenderloin Tails',25.02,1,'tbkylusqtpsthohcfnqyzeqhgapezyfgwvietlispdwjcdebmmdnwqczxsstqysrtszttqavw'),(686,'The Pop Shoppe - Root Beer',50.35,1,NULL),(687,'Chocolate Bar - Smarties',95.15,1,'mzgqkadqquiywjumkbqkvpxyopnssgkpdeebdoegihkzwfqwvhvzgnodalzlwryamfooouurh'),(688,'Ecolab - Orange Frc, Cleaner',49.68,1,'cepuepcsnmwquidrwemrgyxraysdsoonbmreaivcklexzlmebwfcxnenkjtyaslbtqljlakds'),(689,'Cheese - Grana Padano',3,1,'ppuzqerherobgbvjnrqpjksycmjoxmhpllxixohcjpabyrjangpunutavwjxskaybnjhnocst'),(690,'Rosemary - Dry',54.61,1,'iwrpyuoeqdbqumnjrttjwtfbbxausxqsiblhrnjklnmvgkagiewuoxsehdbfzegcpndrexlfh'),(691,'Cranberries - Dry',39.39,1,'qbqgpedzkrnrucdnhphxtyikjepfiigkmzbzlenjopkyaxzscqdgxjkuwrxrcxhgybkcewvfp'),(692,'Cookies - Englishbay Oatmeal',99.78,1,'ohtllxzoriacrzticlrtnzzwddesakbyduizracbsfyinqdamremupfqwdwhszdeldomzorwd'),(693,'Flower - Commercial Spider',71.65,1,'vlrvbqxffzbzejgdrbbiezimiewvciwfneqtjknnqbunhovhgayuuabxdyrpxazxjpqvgrzqd'),(694,'V8 Splash Strawberry Kiwi',42.8,1,'cfpvgsokvojjhkzzvpoxlxovpzdjcvieojfbltxgoqvbtbpbisurveeqqndeoooenpgerombm'),(695,'Nestea - Iced Tea',33.75,1,'lyslngcjoflottezezivncgelnmblrtrseqwizfvlrxfspolkmfsqnshbngpavzwdviewetgs'),(696,'Lemonade - Island Tea, 591 Ml',18.25,1,'ipccpsureiuzeppdgbewyhnmasqjzldwrwoqsgzbotggwvkatvbycmmgwzudwqctxwpbdwlln'),(697,'Bagelers',54.02,1,'sxynbgkustxdavdlxqcwggulcominivpqkdqlsuznxftnulrxkkpnarwoanicizxzhvupjpkt'),(698,'Chocolate - Pistoles, White',9.42,1,NULL),(699,'Crawfish',62.76,1,'sjxwkndsubinwvyfcahrizrdxklwtvblubajvcenyglewvgtdwsepkhxpumbcscirzabyonzl'),(700,'Icecream - Dstk Super Cone',17.37,1,'xmmaghsordxzxnmcldxrhsxcbcfutorcszdccffrzzzjfvphucjyrlifcxoatdifutkvipjge'),(701,'Liqueur Banana, Ramazzotti',1.74,1,'vwgerqcfuhpnobdfdeytdtnrpiyaimuzzdoartysgictwuohjcwigudoldwthawvpnhppxylk'),(702,'Ice Cream - Turtles Stick Bar',17.4,1,'zijynbiyjdifdpaykypsawzhezanvdpkeyynugyrdgzzuuwfafsxamxuwkreqyxlqsuluhjji'),(703,'Wine - Prem Select Charddonany',28.29,1,'kbjbborowfsmckawssawtdyaexgmpfsilngexhcwwjqafmwthgggefgcxryjqzaqukmwprapa'),(704,'Fudge - Chocolate Fudge',94.66,1,'qikhxxrhlbrvfizxnyukkyuyjwsnjokxkkbqrskpxqrvsgprgwodwyflgofzjicizxzgrotos'),(705,'Veal - Bones',12.35,1,'ybpzakonmemflysuasubwlwcduvwemjatcfcuccusigznggktclownfuebvebsurdaqiycrqc'),(706,'Tart Shells - Sweet, 3',75.58,1,'lgbaxtfsswnoproomplialwngulczgxevyscydueabwyhtlraeyvuliziljkmqbyctqgwiruv'),(707,'Water - Evian 355 Ml',15.21,1,'aumcyuvpughxpkmfacyixjbhiqigdsfrjrsqhcxedssvmvalixvzjlcqsmlynyzjluusjlzxa'),(708,'Sword Pick Asst',6.99,1,'bawbfmlbxouqkwsbqaxfqugxdikfvtamdicdqwxnercmjhtyzmyjholqjjantwnjjozexuygh'),(709,'Olives - Morracan Dired',87.17,1,'rdwvtrohcaxleidtmcfpkamthuzwyvilwbuxoqylsheyxglvdfqeadsqnhvjnunsierpkghkw'),(710,'Ecolab - Hand Soap Form Antibac',75.38,1,'lnzqbufijjevfditeslkqncswxpiqsohsgqzsezhpfhnxcldbpvgfkwqlbszksahsvtgydhdp'),(711,'Puree - Guava',77.22,1,'heobylbhcccqzhgizewmarizsonrzxnqfetsphbygrarsgfgurxueiknlbzkxlblzcdeehvov'),(712,'Bandage - Flexible Neon',24.14,1,'dbehzxrdnakktvgzpmgowmghirthhtqothevmmsppiuoejvhmymgfuzbybctcgrmgyprswhkv'),(713,'Island Oasis - Banana Daiquiri',61.5,1,'lblweuxqlpupdgbykjfzmforsyhewiuwpoajcbtpuvylvpjmziuyyuxgzoifnuapnmbrfdefu'),(714,'Spice - Montreal Steak Spice',11.95,1,'aqfhytnymtgkbfxwxbobeyvqyekqwvfbxsvbryanarshghygotcxboshdzihvrybmscazgfmn'),(715,'Sproutsmustard Cress',88.48,1,'imgoiygogsuuqqwapwohsizegsfajkxlayxrtdhvnfcifuobkwohiykjnklaxzepaiaatmzux'),(716,'Pie Filling - Apple',66.75,1,'qhjrbchvoulhbntdxqtptymlbdppwpozwbqiceaeokkdndbzqxzuaidicqxreuvyfkwtunexy'),(717,'Wine - Zonnebloem Pinotage',5.19,1,'nkbpdoluozmojzsftvstdnzsiuicdxftxnxbihgrnnmxejaqvgvufrlvyefaadwbjohhlzghb'),(718,'Lettuce - Green Leaf',66.79,1,NULL),(719,'Apple - Macintosh',97.81,1,'fgdbopxkpcptpbyelvuzucpvaytezwgvskopfsmfgebruefdlbdltejppojvshtwzfvppgmyx'),(720,'Cheese - Cream Cheese',79.76,1,'lkgmzxggcrupgtqjbqubqbgysyfsrqpcywhtumihekguwsesiupqompqzumqfnprcxlqhcofc'),(721,'Wine - Ice Wine',68.83,1,'knnkvjqktunfzfgtfeiheeqrmchvodwlnskcvstqmvbwpzyemvbocijwoibdmuozimmvmllax'),(722,'Assorted Desserts',68.89,1,'hcfvixmfzqngmukrqsysgnxpqjrfwpuemufpzxfdfvcxycojangvxdaybdxfkatptzyvmyyje'),(723,'Wine - Sauvignon Blanc Oyster',43.34,1,'ijvjbcggvvgqezdntsfbomwaxucwtkhrupalciglknpsbopqefjehzbpwmgzkobcytkrqgrmn'),(724,'Shrimp - Black Tiger 6 - 8',18.07,1,'fefnwmjofxjenjjkvjrcbxxfcwfytqvotgjhrxpmocqghgzewuxedhimnmvhvbrcoqoerbhbd'),(725,'Ecolab - Hobart Washarm End Cap',24,1,'bmabhyliernbibccsjelwneoeymphgdeexgywyauqcqloosmvsfltpqehgtvcmzrumgkljfgc'),(726,'Vermouth - White, Cinzano',16.85,1,'cjleesawysggfcvblemaimfwxnqqrcbkbntnldzajytttkrypqsewfunrcstpzrpkwqglgega'),(727,'Lotus Rootlets - Canned',60.95,1,'xsrmfcmsncuvenyicizawqjivweertztctnalqxhptsvckkybgczjlmwsoauzkvtslylnflyu'),(728,'Nut - Walnut, Pieces',2.3,1,'wyfwplxptygludkekpblaabqhenbmkfscjpeyikivwvubxxhyzgzovmunjgtdbadeqtqfsuah'),(729,'Cheese - Havarti, Roasted Garlic',35.4,1,'bdbjoulwexkmknlteaxuagvxoecvzxramhwemfslgrnlhllxhnakoszrvmxshcpjftdewigjz'),(730,'Mushrooms - Honey',95.53,1,NULL),(731,'Soup - Knorr, Classic Can. Chili',22.48,1,'wjufrfmxmyvopcijpsekvhfbewsfdliimabzvjfjrvudjfldhywxltzuxflvaidtecybuzkiy'),(732,'Wine - Barbera Alba Doc 2001',55.56,1,'yzjgljpyxqinjprijwvvlbqdvsroigeygtlywyehndaxhvouqtvdgesikqhaixnrgotzltfkq'),(733,'Pears - Bosc',14.66,1,'fxmufepdsumiitvjboviotxrcbqcpwrcgqkmhmqezyoezudffnaofptfxrzedpdemoomedeve'),(734,'Tomatoes Tear Drop',60.63,1,NULL),(735,'Cheese - Asiago',51.67,1,'kafwnrkrtolensacafbkxjyprrqbcsqjcrbsssxwptzzixpchowwromfnjwueauhkiptheudt'),(736,'Napkin - Beverge, White 2 - Ply',82.71,1,'vnoodlzolfnakbgskfibfqqmwasotcxvqkobsgmsdryujelkocltqwftpejushrlxqukxymlo'),(737,'Wine - Red, Harrow Estates, Cab',40.38,1,'kilnxmugxxrogvkjoxcflbjuagbmigwoihmxcyhabcqkfzzzdyomzqgudxpmrucfnnjbwcipx'),(738,'Venison - Liver',12.8,1,'euowzdzpvufcmcnqytqoanfdgiajlywzwczblmfekqmmhdkqlsdwyjmmynegcivnmbkzuucbl'),(739,'Ginger - Ground',87.24,1,'sbjqxmvxknngnxbyczjeqhfcrieznllpshnlgzrwkfxuqvazttfhkfvvmhqmuvxmlsxenniaf'),(740,'Jam - Apricot',31.02,1,'llcgcirdpilwbftlkhtexzerycgzdtlyozuqtyexquuxxpihyasaoaglgmpkogicfevcmbant'),(741,'Soup - Cream Of Broccoli, Dry',25.62,1,NULL),(742,'Sesame Seed',8.63,1,'tmyshaipydrraunxavymikfnbruxrpqtcruhljupqabqpwrxxggxtbxfzqjbclkhwaajvqqih'),(743,'Truffle Cups - Brown',54.71,1,'vzcmzkekkxqkrgrlhpuzetqedemgcawwxoviheaiwvkztimrvywzhimbhlkrkyxrporbzxzdw'),(744,'Gingerale - Diet - Schweppes',18.6,1,'yqkmkejvwqttgmduvwguqfsakicucjrmfvfthlorhkuvcazoasyzakxskuoridmvwxztsubuk'),(745,'Couscous',93.12,1,'utuxktsfbmkauhsvtvmwbvmajgqnxwoosfpyczzypzfhewuqnoqpledaldkptguihrtdhswla'),(746,'Longos - Lasagna Beef',79.64,1,'yjuwchnawzzgndilpvzvkvywomqtkuietzrkhvqlfmnfnfiigbxyhezhcvqcwllfetwvjlvfg'),(747,'Melon - Cantaloupe',69.03,1,'lmdncbsrhsecfajwlmbamiypfpktltwwhkndwuxloafclutyzdzocewtyctukkbcjpzxfauww'),(748,'Pork Ham Prager',62.04,1,'eakqgnbcbajirhmghsnvlhvqjruxitkbmumrjoutqzsdivhumvtngnjtxhcrulmbzuklzicqs'),(749,'Garlic - Peeled',2.51,1,'nkhlhvgzoefvoatnmhcebbzkeqzdrolxowtrpgjmqkokcwgadtmnmzwqfgjzceolqysxkiywa'),(750,'Pork - Sausage, Medium',11.46,1,'gcsyiayqrdxvewnjgzsitjhrqyvlanwnnfqhahkpnurdyzmkmwpyzqakojkcdmovqldagbwia'),(751,'Cheese - Ermite Bleu',80.21,1,'bgztdoxmuvdcqjjcrupaetbjgbngsdetzrmocsgmvoridsjptaaihccjjwisjjuhcaoogqyhn'),(752,'Wonton Wrappers',71.2,1,'aezjvwdublhjtejkswdpptvyvkcqqvjhgbtewaiqeykwessuxjhgxxpezgycwfnysjfwruend'),(753,'Cheese - Cheddar, Medium',32.65,1,'jbmpkawnrbpgvlidafdzmaslwkneouizspivgtleeevzibncvrfwcuhnqhtshzqfabbzhuegi'),(754,'Gloves - Goldtouch Disposable',38.39,1,'xecfofispiowrlgljypznokhuhhubgtwqtvfzvfghttxgkhnrlbcjwrcmclozgvmjfvrclsoe'),(755,'Pepsi - 600ml',69.35,1,NULL),(756,'Mortadella',7.23,1,'tafaxwpetvqlhowqrmphsugyukiszammdsshklsicizvmrnetnxdiuawdtkiotvqekarvygey'),(757,'Red Pepper Paste',51.5,1,'babdghoksayjlziartuecohybtaiqzwejcykdyoqnlkkcmzbbdcjwtdkhquxpljsyqvsjfbpm'),(758,'Sun - Dried Tomatoes',33.45,1,'xpwqatqpkaagejacigcitbvfjdqezergtfnasxfvwjmqtjcfmmnurkczgjthslzctsdunzbde'),(759,'Cheese - Goat',34.6,1,'rbryfnyhptbdaxqwxmrrrvtshsegmujexrtfpuiaaqhhhcupdcvwjjjoouokrbhuwpdpmuhue'),(760,'Lamb - Shoulder',71.86,1,'ltnggsrgbpphpwocxsqrwegnapgfyxcwgiunvsxeskkbtrxeitnqlclipxyaaudmrxsdtqtar'),(761,'Soap - Mr.clean Floor Soap',89.06,1,'hrepfckdrzpatnklvbhxooswaqkgqkbtrossaqgquuzebaupwthfyldfipdvtoxtwesnmktkp'),(762,'Towels - Paper / Kraft',51.76,1,'ypgqrlqwprkmujhvpeccygsrupilwhilkqgbzvugsypytknqckrzsrsbfiqdtssekelzrvuqy'),(763,'Stock - Veal, Brown',95.31,1,'wcofwembsirvvwybttezeqsnncpdwpqsdxywlujcdsbiricbcxgadpqnvabwdiqrplljacaek'),(764,'Chick Peas - Dried',40.07,1,'cdbhjmqzgjwobrgeqrftpffijkrucbapyufzimfvyddaeagevphoslsoiazgjimoiyxxdfoxp'),(765,'Pork - Bones',10,1,'dxtdmtzkyabepeitbbbtolbuawwpepoijolapovlahaxwgkpnxywsfipnelrvgcvnrcmphmxl'),(766,'Onions - Vidalia',29.96,1,'ahqlwicoyunfyfipvasuunoqwzewzorrzedqanogdqamgikgfwwwzhrnfekpgchgqczhllfrv'),(767,'Energy Drink - Franks Original',94.79,1,'altppldaagaivygakobvmftppixybpadvwkshtwdimtccqznummylgmfxeyeeypxgwvshumcf'),(768,'Cheese - Gouda Smoked',90.9,1,'oktluydsgfeaqvpsrwmwiiulpwkunkhyidpdglrvabzlnjjubuzhyihizwxpmdncnlvoouxcv'),(769,'Cake - Night And Day Choclate',17.07,1,'tgvroaeyctqqogolymsydequwhcblmthhbkzstmzcekyaqfwcpxiilwmgkcyaikwzfmomjylf'),(770,'Cabbage - Red',13.03,1,'faymgnvdoltptajhxjawrwojhypadrspfkxifhqwrxjaikvgixvxdovjedbidochxrfkznlbs'),(771,'Juice - Mango',41.73,1,'gnfqrmghayokayxhyypddlgwzelfuiiejkewfibgreaoxlktwrfcgpjprzksazghlxurrqxmg'),(772,'Truffle - Whole Black Peeled',4.01,1,'ovgqbnqvwmsvavytddzdexhgyfiximrasotlvtkmlariyccahhzoxsywtharkvaaukzvfehya'),(773,'Wine - Rubyport',16.73,1,'jqhzvwagnkfomikudlpipxqxmmgjwgizqqeurhgkzrckwecofpnayklmlgwtujnbhxhlihxcl'),(774,'Wine - Puligny Montrachet A.',69.08,1,'xonxbbbuiysxxvemwirkurmtgmcifnnszqwczbqveqqrzgfpxgwofarhqffmnoluxxacalgbv'),(775,'Rice - Jasmine Sented',30.57,1,'nrtrqjjeietoyixwolexpusswqrpigxwizjxbkxxljotzelwpduqbgdzztfmsvkjmgjrhmjrh'),(776,'Ginger - Fresh',7.21,1,'yinejpfquwtgnzylxnzvrtydbvgwrgzvveeaynbukahhvxcvtqbpwxsplkbjoewldvjdpzgge'),(777,'Arizona - Plum Green Tea',5.62,1,NULL),(778,'Wine - Pinot Noir Mondavi Coastal',96.68,1,'yyehdvailheszrtfkcdjgbofibsvsjinnrsuunaglzevfzyluzrooinlnlsucpyrnhszbaumw'),(779,'Jam - Raspberry,jar',41.26,1,'uxmrqtoodfvfefpgcgmnchwauftclfkqwaafbtfbrrypxkqfjuykdshzirgsmtvdnhbxydioy'),(780,'Turnip - White, Organic',94.84,1,NULL),(781,'Pear - Asian',19.92,1,'kmfhafriduftbtlhxjsprsamzmngqaaqgbqcxmaxbkbuorcnzjabhnfhdtqznzmshjfeyrnod'),(782,'Pepper - Paprika, Spanish',62,1,'bzmekkwnjgyhtybkdyhmmucisbsuezxplkvstpgvbexbcrdhcfslljvgfkyroycoljshafigk'),(783,'Bread - Roll, Italian',19.7,1,'jfakkocwavcgwmyipzoowadwmczveahkdcbdxyssfqnlojbycizdweghzvxziexanodmkghyl'),(784,'Tarragon - Primerba, Paste',66.54,1,'rgeumobaycmjcrmcizcnodtmxqbuamivlmyidzffvmpcqvheddheqfbqxkabqpccwgqrlrhvn'),(785,'Sherbet - Raspberry',29.94,1,'tyfjdsenebbybmdnckgxjeeufrnjltjdxbmbghknyftzuhsebznmzijnqyqshpebxiiysoept'),(786,'Beef - Tenderloin - Aa',84.31,1,NULL),(787,'Wine - Periguita Fonseca',68.28,1,'lnnziyrsalkcqqdjgyykkdqtkecooblhgyzrlanwlzdsoqxlcfeqmhrokbxmkzeijemvqdmhi'),(788,'Sea Bass - Fillets',33.77,1,'dmodqivihcvqiqcbavodgmrzxveqyfxnbudsyowigzvqqzeyoqspheybilnwzszgmmbiyjpmp'),(789,'Chef Hat 25cm',73.3,1,'hqtaxenqqjummqiokpilryprgdjtatourhbrvrqhhqtyotdqpiqcuuymrtaiokdlojfvcynwh'),(790,'Asparagus - Green, Fresh',92.81,1,'qqernadavoenauaqqbaaaihxrvqultwovubzndsnogchqpvrqutzdqcnsljldcctnsxasxwhj'),(791,'Evaporated Milk - Skim',88.05,1,'obctvsxmrelvuvgpvqrgsybsycdjptcuwsihxrqxljgekkgmoyndjpivnjalawgxissrbjhed'),(792,'Cognac - Courvaisier',9.75,1,'mbiwflzdykfxagmvvosxtjcsaosgseksjltoejtxjltnrjudqtwixdioantygmgwpcdaeeqeq'),(793,'Mustard - Pommery',47.51,1,NULL),(794,'Beets',87.5,1,'zzmesgyuxyatwcpzcormtpbhkoiqwsovbhnykcvzrbnujcmikutryaeknoipwaoyuoluloxod'),(795,'Nut - Almond, Blanched, Sliced',60.71,1,'ufokhbohbeijxgvvfluxwljtayxedtjmxnwgltnxcfqengvndznwzccueuempzvtkatihqlik'),(796,'Beef - Eye Of Round',98.01,1,'hcckmiioeuhwxlqrlhgjvensljmqyjqexsusftmzwwzvybtktpqxgzrbgylughlkwqqcaqboj'),(797,'Beer - Paulaner Hefeweisse',41.87,1,'dihpzimsoilkevqdfajhmoqkxeltihbidfoeghzreqvhmmaidoqkzsesoboxxgpobhoyzafpa'),(798,'Dasheen',67.45,1,'bzrztxzqwdlvuobxvhnffplywfmhvwauzkxrtlxaevlpodyufglttbfjrgchtsnaxheltmmff'),(799,'Chilli Paste, Hot Sambal Oelek',9.06,1,'uciicrjsoywpngcnqmexsetnsrmqoxczftikhaxpifhkjvefwptxsmauzftuyylbnekmznrsy'),(800,'Shrimp - 150 - 250',66.93,1,'fnujrouijjkeywfisxrxnmpfxybgfppglwogyseoktzpqmkolevqekiucpielunnvsiredgkk'),(801,'Appetizer - Veg Assortment',40.28,1,'vwlpeveikfqdmjnrdxrgcaocnehncvtkwdmduzssphuzxrebfzdjgujfntdmrigrkbymdwadn'),(802,'Wine - Red Oakridge Merlot',89.44,1,'lklpuwgarjxiyprdaopcstaoywdchefhxncspptawmpisfewbbjrbextqbtwjqmfdlhheuytr'),(803,'Bread - Triangle White',24.43,1,'bvqqfrixvzhrdnprmtkxsfdhusvywygrvmhualsbuacngcypqhlsindsdegdjfqnijcelctcd'),(804,'Container - Hngd Cll Blk 7x7x3',2.04,1,'dhdgyeerueedpibtgmrrjybslodrhvtbfbyizcijwjsvlhamvmpkxklltcunsujmrussujawe'),(805,'Tuna - Salad Premix',13.73,1,'naddhhbvpjbouriahsngkcdoxznoofvuvywkdvgrchubpcyakkooieqgqtkfcvbdlaulbbhkp'),(806,'Shrimp - 150 - 250',13.51,1,'emwovbankcctociagtbufuqgadqfluixsxghmprpeqswpkgjkmdnfqeagdwxrmsfibzlvpdhk'),(807,'Muffin Batt - Carrot Spice',55.84,1,'thnptyrbpgecbrduygopwahrhmicgzzqzfsxxhgljusmfwowzdkrvfrgsocjhlqmhumnntylo'),(808,'Honey - Liquid',62.39,1,'tirfzfdmkzhetmuvnryqbcbfqnasycbsedqyfvogxakfhmiqniutjsnfuusdzyydyktspbvim'),(809,'Tea - Grapefruit Green Tea',65.44,1,'rfqgvgaeszncptivjuvgvfpyrdvcvakosvtmeuyesqzkpyewlpjqdabtizgznmggrdfltiipz'),(810,'Paper Towel Touchless',76.17,1,'zqjrkkwneiqnvjeebwalsdfegdgylklyrsamkjuiiqcvqnahijtxrysrermwzucwiliuydokt'),(811,'Extract - Raspberry',99.92,1,'cneqsqbenehtpwpylbdfcdiakpfwhytwaavfnhplatcrnjioeyyakfqjrgfwbtixojfpwflks'),(812,'Soup - Campbells, Cream Of',81.97,1,'mhycvtjwsvmywjbnggzmpozqqvvsveyojnfcoaiocgvvrffzeitbynyirnqygjmkvlkmukgsq'),(813,'Pastry - Chocolate Chip Muffin',27.61,1,'nyjjhciqocqbofvnotqdtklpyjnfqbdayzphclpbikhfibsuakdxphymmmfigihkdvyzaziec'),(814,'Basil - Primerba, Paste',87.88,1,'kkesbuzidgeqctczrjbfainxwfceizurbskabqfesznmhezutjyxspmrulvbfjzixfawzowof'),(815,'Chicken Giblets',76.65,1,'bjsexmqxewqdatlygarjnbzmbslllpspikwqnrspohilrsuclssdcbznpfinchduyjsagsdij'),(816,'Dried Apple',52.92,1,'oyczfzxsgezlzfdeuiccffaitjeohqhalzezslodkoeslwgsozycyuelwoigzpvmlrxwiiidh'),(817,'Bandage - Flexible Neon',73.98,1,'vlmarapamrdiuslburanlckrnvtctrjftqbpiowwtosstursvbzubebuawvaqsjxkgqmprigj'),(818,'Bananas',69.26,1,NULL),(819,'Mustard Prepared',20.08,1,'morgvheuupawodtrujstnhprgkdodcdskwkgemjrcidzswiwojspyznasakbrymqaydxorelk'),(820,'Pepper - Green, Chili',15.45,1,'zushsllouyjmrmgpjqoqupkuxsbairlnthkxzuibxlscubdaahofdhuvrzpxvwrnbupvdfnfs'),(821,'Table Cloth 90x90 White',92.13,1,'lvgwhsojqbmfhgcdbxuzqkwviiruybbpjidacpzacxnfoqieagbyxiosehtpfzefdsnzrikbs'),(822,'Tomatoes - Vine Ripe, Yellow',94.86,1,'kqkcbmbzhskjmtxsrfujiijkraxrntsnypaxrcefelvvhnzcnnztpptoneqquzwmpwyzojsyw'),(823,'Ice Cream - Fudge Bars',71.89,1,'ykuyxwljtaadjrukhvicectbcoddsrbqtvkgnurejovobjktmicaojpyzhrewehkvgsypbhgn'),(824,'Spice - Paprika',49.58,1,'eyriawwrogqkiadqqjclwesqluedfngzbfhcshrkqevdjjlffwcvrbarjuiqmmtnshxrzmqab'),(825,'Nantucket - Pomegranate Pear',54.95,1,'aytaqxxevoycfdeczhcxwtolodpaasbjqpsrpthbfrjwdaggvzuvrsehuyveawoiznxhrzrsq'),(826,'Chivas Regal - 12 Year Old',21.15,1,'fyebxbzwrxgwkkusxzyhjtrbccsgspqcwoqvvcidjzmfukgwesuiahukbybxoghuercdvfqbq'),(827,'Turkey - Breast, Boneless Sk On',37.22,1,'jaugmevvhbgphtnwyxcjcrnbhfunzyhiungfjzpttcebvqbljyssyxtdnfusvoyardxuxjipr'),(828,'Beer - Upper Canada Light',23.12,1,'jiafljjvjwuryugjxhkxklbpgxcycgedgcqvmdjhyikbvebavvmiqmweglnrqtsijmzqltxvv'),(829,'Lid - 0090 Clear',33.05,1,'xkyfvmadsitpnvolevdfruwluoalorywkgovhlhxwkuhtborxueabgxuzeyluabqrgzylfixz'),(830,'Spoon - Soup, Plastic',49.46,1,'antuozqkutphyywqbrvjxxiofdiakylbwefnddoagqayqkvdanczghderhafmcwtdlrtrvswt'),(831,'Wine - Red, Gamay Noir',64.77,1,'wxzrxroppseogyfqkgxxbgmhkwloubjmzxfkjrgqabiazivpehlfgwdiwkdsuxzicjpzougoy'),(832,'Table Cloth 81x81 Colour',91.65,1,'fvnmlbwidducdxohvwnjgeizzgtteumrtcncejrlqpannmvoklkfduqfiyanewacoviclrqyj'),(833,'Kiwi Gold Zespri',89.94,1,'uopfdsoxuylvfklgnqtqjyvmzxulehsvdlpfdfyufuabrtapfarmkxkcqqoxinwyprhyyvicn'),(834,'Pasta - Fettuccine, Egg, Fresh',83.84,1,'txamisgveihwyphizrbbgwejeynwaywtmsortirpyrbohwwpicwtbsipkmvzcvzkjqcyfswrw'),(835,'Wine - Cotes Du Rhone',4.61,1,'zhevuunevjfrpeunxgwjaufrbcacqdvqkxodctxdzclbydklvbadcxfphrjuvsqsxweqbepsg'),(836,'Neckerchief Blck',12.63,1,'ggjhbuwdvetxzbkkhhtvjadhxzwwcxxpsplywbhskvqkdajgulpekbarnrutllqaiqclinrrn'),(837,'Beer - Blue Light',99.07,1,'gwbglwgqoomxbpxyvtqisgwsoyklnljjrhsytghjaxojxqkxvzaalikuqrvupjqrsgafxwbxi'),(838,'Grenadine',89.34,1,'uivlpmlwrnamtyuywmrpdpeurhrnnucczhaorjeptvycdtrfunaydounlohggecfkuxajwlvq'),(839,'Blueberries',35,1,'dictjmpmvnancynvksajwwbvfbfuwzxxzrzanikcrqmqyuhnkvvxoerkthllbivjxdvybjiow'),(840,'Beef - Rib Roast, Capless',62.51,1,'qygicafldlegtanvfpnuiqoyviveowpzlwblnpdznajfsqjvkvbqnllennekzhlhwuqqjnhee'),(841,'Bread - Bagels, Plain',26.43,1,'vcgpuvmvozkfcgqoassncfljxunttwjsogqwfsvwvpluwentdozllfryfamfyzcvjosjeusjr'),(842,'Coffee Swiss Choc Almond',68.96,1,'dnzodehyxkbytuabiepurnygqurdtaywwthvocbtuovfcvfoqpmifoforgvvyjyqimwaooewd'),(843,'Jicama',35.09,1,'nhklxujptwnzypeiuwnxeucidselgwdnglhlmzlnupozvumwkvvytzxodgfnszxboasxmmmfi'),(844,'Mushrooms - Honey',20.69,1,'woozbcnqumibyvhiqxizmfjnmfthvxxoukowocufxggtvkofepwfucoyohkxytqpspfprxhho'),(845,'Wine - Savigny - Les - Beaune',88.73,1,'gawmeubknhhyacunruhdkprvesnufdatjiscwejttrkwbgifqrsbjrutcwcdnwhqfskjeqcad'),(846,'Lamb Tenderloin Nz Fr',45,1,'pypmjtcswmyfcpjxrzhticjqwpcfdytzoazjfbldoxvlbxexicwaentdslybfauhiplyuceps'),(847,'Gelatine Leaves - Bulk',46.41,1,'ankzfqkmzdnbempxgzzlrweyyiqufaidtxewcomchhqxijyktylezzyofzrmuykgtznkwwbbj'),(848,'Foam Tray S2',59.76,1,'dfnqmgtpnxaurniwwufniesufntfsuvyzpzejrqfxonkhtdryfngguzclwkjflalsbsxikczd'),(849,'Olive - Spread Tapenade',75.18,1,'ylyrzhgogbbxuyuflrfgeehhphiorzawpyiodqpmgekfcbaxezudccrirpztlaavxpbvwqdyn'),(850,'Crab - Blue, Frozen',22.44,1,NULL),(851,'Snapple Raspberry Tea',28.49,1,'euweruvnerowvgjscdkubynzkeiyvuuhxidhlulmdlpflcmrswbherxjyipluwglzlhkqzdif'),(852,'Petit Baguette',40.56,1,'olmjhufcvfjtqiuqhxjrkbglrpcxtgitqskmnmidndihyhkesubrdxbkiltchfopllhsevidh'),(853,'Pheasants - Whole',14.63,1,'fbkqozqbtgygduhejdpxlambrwualqxuqkroacwbqfcrcspburmrapilramrnddwsqdwuszgf'),(854,'Oil - Truffle, White',23.18,1,NULL),(855,'Container - Foam Dixie 12 Oz',33.02,1,'ppkblwsiwtobkzyrkyqjtvayqiqqsyqwoclgwofcyegkcqocoefzbskxriklwpgkzmjbqmynd'),(856,'Wine - Semi Dry Riesling Vineland',51.53,1,'yipqclugqoozyittsrazursyheajpktniitsfzgnlkcwdeqerdjcnkticaiqatvbysfzaigja'),(857,'Tart Shells - Savory, 2',9.72,1,NULL),(858,'Bread - Pita',12.15,1,'sqfjnizkbewlmtsprlwnhjtfqcnodxjxlmorcsxmlzclfmlyxmvqxcjdltlzzqrpofnafjehm'),(859,'Juice - Apple Cider',80.32,1,'gmoyddxlbzjfyowxymdnwlxncfbzsbauwgzqipxkhiiywlfdjydsccnqddbydesojbttvrzkh'),(860,'Cup - 3.5oz, Foam',8.1,1,'cbwhsmiyuuhcqtjmrwdrgmjssodqjxewunctabohscstwpffnyvgneupzugicwfjeaxluwjzy'),(861,'Napkin White - Starched',20.11,1,'ltfsnreocrahyhbnqzoqqmoybxanjghdlbrjnhusbayqtymeykgnqeyxqeskpuwitokakzhnp'),(862,'Shallots',58.87,1,'wrjsuolvtagptmpyfzstwuzkippsfpwaaooondrrjcbdlvrvhbmxaozqhqrqsactlfwusshkx'),(863,'Veal - Liver',22.46,1,'tqasqshmdewdbbulszeupiokhtjalfiebaeareswvxwbxvctflugdxexskkjtnxuzklezbfni'),(864,'Lettuce - Frisee',67.08,1,'uzvwdivwfwsrnflkbaaeobuygvixezjdpxithhfccrlfxztxnkdoavjsduvtxlqxdrovetxva'),(865,'Juice - V8 Splash',70.59,1,'qcrqiufqfkhtydlyhjbnwaiypdpsdfvyddejqvxfqzqobvioewpbzenzxyarderjsiupawlyh'),(866,'English Muffin',75.92,1,'bpuktbhfkfthhquffwfestrwrjblrsmhwkoihsacjlkickyatwwznrbxzgxugaiqcafrcnkvs'),(867,'Worcestershire Sauce',43.4,1,'tnwfnddxnzxxalegorzkochmdcakrlutmojrbehmhnkbsfztztjwgeytukjimquqpkuchoxkm'),(868,'Bread - Bistro Sour',23.41,1,'gvomvdpwqgpcsljxohbwdafeghiksglwphpidsnrtamfaursrknyexiledfzejvzpaqdbqzzu'),(869,'Sponge Cake Mix - Vanilla',52.43,1,'trvvknxubqfbmxabuiyunkjagbrzclovbgwhbegvznuxudvcogfjdcgxrcrtckacsobmpgzqs'),(870,'Appetizer - Mango Chevre',41.88,1,'bqyzizhphdpkietvdciuwxjcdqlgvgihlbgkjyywfallvxxjtjvhyocvsclytegipskolpsex'),(871,'Soup - Campbells, Cream Of',17.54,1,'vmndafstxwqrglxswkctpaqhpdfzzldyncswjvovtfaepopawbzeleawnolddrotiyxnxfxxv'),(872,'Table Cloth 120 Round White',73.32,1,'mjpijihjndkjwkfnqivjrfexfuettkgarcahcphfmeplftbcvvukmvvvzqruzcgzgtournazg'),(873,'Lamb - Loin, Trimmed, Boneless',56.71,1,'twlsvuotqqajgqzrgydsytzstmtflaivabsgunonbsqpfdefskcxfztobflsdfpoklaaixhah'),(874,'Wine - Casablanca Valley',38.29,1,'ochswfvoqgorjqixmxsedoiegcmtinudunqqdvugoisnfvoqygxzfxetwqxjpvngmbikdghxg'),(875,'Sauce - Hp',37.75,1,'vungbaefsmjbefgixlxdeaeleijnvemzzyxvdhluzcjxzkbgwbhntafzchwdpdsbvlycyspeu'),(876,'Beef - Ground, Extra Lean, Fresh',78.39,1,'remijphocfnmvmwxgxksmasosxzftgfavdzvvgxnesrsndcozrffitjuymqceqdkdxtyrkpce'),(877,'Parasol Pick Stir Stick',62.77,1,'chdxjwmynnnvophofdoihezbghpmunvqdamufgqojfwmnqvcacirffphwozjktwgcffhfhuuc'),(878,'Sprouts - Baby Pea Tendrils',80.4,1,'yrpeuolznbhafpdcwrwwknvmmgwiqbbjalwjutfyrwtauclkzcfysxzbnduljdujudkighusm'),(879,'Corn Shoots',18.84,1,'xwesfgozafkqlzowngruxtxhtnshgltpqacthyfhcsqsftyzsuxuxkocatwehrtrfhiwzidyw'),(880,'Flour - Semolina',60.64,1,NULL),(881,'Trout Rainbow Whole',74.68,1,'ybppdahfyripupumtqtemyqptchsygylpcbjqexwcsbungpqxyshwauoggnvlojcfsjucxmra'),(882,'Pepper - White, Ground',1.86,1,'drstmqmasxepdytbwdxwzeeufrpbjjllmbqjqmimhxuvihtteeuwdkosxoksbrbkwcbqhawmh'),(883,'Beef - Tender Tips',94.4,1,'yuuerqmcklpiyepnxyaaeincblwvnctvvfhahaemiocjplnuvpvdqxfxrmusckiluzaqesios'),(884,'Chevril',17.13,1,'yruretzbvuwdfgppocnqforqghypdwccmcmoplwjyboaxvwucqovzuovnckpkbyvhobwghrfa'),(885,'Sugar - Brown',1.38,1,'vnfakaiuvhbxhqwmialfvkqotzekiumsayfpymzmjfmxfzftuuetddrtdlxhdferyattzrbna'),(886,'Tomato - Peeled Italian Canned',27.18,1,'tcsbjkzauqrymjtgsjyildwwyvagtchcgkaqyoqacnvieigyjmbwsajqqwrojqeooicsoetgg'),(887,'French Pastries',3.92,1,'dksndsaejyfxhbdncdfdmkwuyxxoyipgnfirinjqincnomwctxthjymvnymgdhqjhgzvawfdj'),(888,'Fish - Artic Char, Cold Smoked',59.81,1,'ozmarfizvwzritdykyfyyowfpysbfkleybphgkxkuyxumvfwsliymamenfatiedrljpwgwpcy'),(889,'Nantucket - Carrot Orange',37.66,1,'zjmflmtjyjbqxcdwwvgcdsitquemhklmoxnyckzgryfkouchtarwwkwzmymwosmmdhqyqgdpg'),(890,'Crab Brie In Phyllo',79.07,1,NULL),(891,'Pork - Loin, Center Cut',37.85,1,'ofzrrdsbprmifhgjslhglqduingyyocqpmbdxpyuhagypwfessdmtatgsvlpqoilncthotgsv'),(892,'Mushroom - Morels, Dry',57.69,1,'feblpikwwmwqtwwlpgabmmqtdgrejwpgsaoysavqqknicjrcxsspwogxualqyhdgzqtifgces'),(893,'Beef - Cooked, Corned',6.36,1,'owmxrmqatbmztdtrooctjazadiuqyxpyfdnbjetrpshmbdiucesnrhrpfaapodzswpdophydg'),(894,'Beef - Ox Tongue',73.01,1,'zrgziivdkhagudpufmojucoiplzaqknwwfpcurqznvhfgzxdrpzpifhrjewsqaosdevunwweh'),(895,'Kellogs All Bran Bars',54.83,1,'hpxuqmctvdhnlnffnpmuxdhlaezzbqxcjdewgsywudsmasthjkekpuhaaaltvkpbocbnjijif'),(896,'Rappini - Andy Boy',10.91,1,'lhtqpjapltgneiyltnzmrsxuuineelrcgfbaomyryafjbetbugahafielgxsxlsegoqmyefuy'),(897,'Wine - Chateauneuf Du Pape',96,1,'lwgcwiovvmaurzshscdnrawkcoyexjktyitwzkztvzxgzviuwsxncascjixpjowabnrawimhq'),(898,'Cookie - Oatmeal',75.32,1,'gldwhaxignuffmvbunlwcfxldtxvawsmroxxydswviwjqjwypdfoxqhllmoprmsthlgomojsl'),(899,'Wine - Sicilia Igt Nero Avola',23.64,1,'ytdotwlwwldejsgemzqskryuvmritlahomtfdqefsmccjrvxteqlhsloipxchdamqsqyzxhci'),(900,'Ice Cream - Life Savers',13.73,1,'hbzsiicfqqjgncshnewwncbnboenthwtqhzyurvgpuajtlcljfyvdfmaikxggavlzgruynual'),(901,'Appetizer - Sausage Rolls',55.85,1,'ttptygqbqjrhbnmeyenucwgrgjkgptmlbpssxwuwdzyuuaqvtpagkydboyvwwmecblommjkkc'),(902,'Garbage Bags - Black',90.03,1,'mvamghpmncpwhkuwexzaywyrwdxiukblqzcfmttuqsxddkwcxqrcodhjtuetclzsllvzttngc'),(903,'Lamb - Shoulder, Boneless',79.19,1,'ipvybfozwxcvlcgwjvrhdcbnymfwlgcekrpdtnmmdiphjumigtsfzxhiyvbabhgjlluenlrfg'),(904,'Smoked Tongue',92.95,1,'anulgtcscwgxpardpzgfxpucvyytykmayfkafecgazohiosuxivcjifwcaxdvkedcyrucwhcr'),(905,'Wine - Crozes Hermitage E.',51.69,1,'cbcylrpgjbpghgtejjfmadqzbbbpxgysenuhrladiehbtoovwrurdkqarvsfktznhzgqvhfkg'),(906,'Lamb - Shoulder',37.02,1,'haatxzuuxxkdmxmzztvayltxcdjpybkvkmcjutbyvbquzovzrwbtzbtceaophwvddwiorgkux'),(907,'Figs',24.78,1,'ekngnhwswayivsesqdrkefiaubhmldyphgqphznfmfgehcuugtdxjjgznziiirqmgwnzxbnhy'),(908,'Bagel - Sesame Seed Presliced',79.07,1,'yycusrfsdbksvynnfolivcxtbwvyegyzgrdtvoymempaznpuaahrqggqqdporrgfzcjdeehwe'),(909,'Eel Fresh',29.12,1,'qofzfhiutfkchkynnjsjjjlmhrjokzeyagnsltyqgkfhovnkbmlxtlovjddqfxuoshizuqvhi'),(910,'Pizza Pizza Dough',48.8,1,'oewlbaopxymtmwnlxqhebbfpnfwdmgrkjjdywdnvkvwmfzfpweplnygtkxzevgbsrmfsettjc'),(911,'Kolrabi',43.09,1,'iwqbmjxdsutfbvmpruxcqivylozjhxpxcrrbvumzwrhkqqxgnvdaykizerlcnfvtvrdahqmpl'),(912,'Appetiser - Bought',78.59,1,'cbklxcotacbekqpejlgmckqbehlvvxczowrplollvyhztfrywsnzvtfyainjfocgjhhsqwlxh'),(913,'Soupfoamcont12oz 112con',36.98,1,'rxlfsaxvqifyomaozhtayiootcaczbascfmhxbscrfomrfkdfyweehhrdzufsqjcwedtfnjeo'),(914,'Wine - Two Oceans Sauvignon',4.85,1,'gwjbyteczjequaupygfqxsdwenlkmizwahmtgwirfuqggxikmtmzboltrqetdqzkbxguerghe'),(915,'Pork - Suckling Pig',96.74,1,'fojakycabwnefxkshtvllukxogrxgnhryazgnbgbowsojqsntsqvpxggjmdwrjfwshgdlhziq'),(916,'Sparkling Wine - Rose, Freixenet',52.87,1,'pgexacoymaabgemwveuhoovpiqudjzdrjfofmrapgjkkfskqlnqshhfenlgoiwmrehkoqjnue'),(917,'Pectin',72.08,1,'xujtszblfiggjpxyxseiimhmbluxvfjpiqsazomhngxdtvjlijzrryzlpkgkeihspmfcmquvv'),(918,'Quiche Assorted',49.96,1,'qnsnjzvmogglqsnzlqaospttawvsvbqslbejydezknwmfhqoaxvynqfzitjqjzkhuivcuegbj'),(919,'Bread Cranberry Foccacia',13.02,1,'snzzuyzuxsnujillsiyropahxwltwpcwmppdvlqnryokurmkzxutryzbylpuavrbqvtkxuikc'),(920,'Gatorade - Orange',40.66,1,'llmilkjzvxqqszfabbvcidsjibuiekusdvviktqexlpvecnqynzkyleomhsrncxhaapjobpjl'),(921,'V8 - Tropical Blend',34.81,1,'bjvypnofpnoeyzsbaaiovwnmpkvmpxkmnptvkrfntsegfixeafalcoxiwvsvmmencbsonphmu'),(922,'Puree - Strawberry',62.74,1,'oecfccsfpqylonamprlsudyydsycfpsflasttmwvgwxpklebaihszggprvvnkwxjkwkuhygig'),(923,'Energy Drink - Redbull 355ml',91.68,1,'jgzibhrobvcqfodynftafwirxhbiamatpxidwegkaadmahdexsqvwddzolakamuvcdijqqhfd'),(924,'Pasta - Lasagne, Fresh',85.33,1,'tanhyfsaslwmtlxgkuymtulnhyjaeuuzzdqvdeetfzvqaerjqnmjtgxqkgjcalanfcojzhdbz'),(925,'Bread - White Epi Baguette',93.76,1,'ezkepxrvhlhigsqerwotgupcsuwwgicseqwaxinvxwewyqalthtzrvfrhlgujvsksqxhyxxdx'),(926,'Tomato - Plum With Basil',39.62,1,'fwqwnddrmqtllwssupazfdwjhhwowbdhzjnzyqnvasfjwdqahbyrqwdtleuwltrcpnonhlzhk'),(927,'Seaweed Green Sheets',11.56,1,'krqxbxfbuoyvdqmuhhsyynceecclobaqamutlvgkoulbeifaouanosfwdekwpduuramxhaycg'),(928,'Vinegar - White',45.97,1,'kmkavxprbkiipnixhoifkdwfxbjizomhduutnacffbtdgmdtfdvadbsmxxtaueohmvutsopre'),(929,'Bacon Strip Precooked',82.8,1,'wawpkgdmspvnwfrujdiczfkqjzjprwmqbplxxbjiohjjguvaftxuadqrohkmevhtgphjbljbz'),(930,'Sugar - Brown',88.35,1,'vbpioakiaopplvctgmofbxtfcnakgezteribazszacmcyxwruzkgdbzpcsvodhxbdbkaxlnbd'),(931,'Melon - Honey Dew',66.31,1,'namkcdxodvijefsbuuszezdtcrbxlzqrczprhwgdhpbbyttedzpstndoxoylrccbnwyvottpa'),(932,'Juice - Propel Sport',71.35,1,'vdjkrbsaqicaldbceyfvmdalstoiibrzmlhrhijuouhcsnfkejeinkivdsgqyndzlbwjgulmc'),(933,'Aspic - Light',42.66,1,'ssikdseevwbabupnmltvymgqqcslahodrxsbjvixwvsbykevznrsvuassykndiwqrtlbleylt'),(934,'Pepper - Chipotle, Canned',20.78,1,NULL),(935,'Icecream - Dibs',40.31,1,'orupeqfjwexhidkpaikwsibsrnjkoltatxnszuzdnynercxwlwjglstmkgssstmsqkmbaacde'),(936,'Bar - Sweet And Salty Chocolate',93.91,1,'hlxmwfigadcctquylgkvudynqkmzkwthgvehynodfiyairyevixvljrfpiicybazumrajlyzd'),(937,'Veal - Inside',5.44,1,'gewuapdxudcwiyloeqlwdkujqvbwqpjgaxhowtblmfeqliuxvhyiixbjpoubzawgvexlvjkxw'),(938,'Cheese - Parmigiano Reggiano',6.88,1,'wfzqhjaotzejjpgbxmmvjeiihyqqqdytmbazzetudxjthmpdwwffcunijrubdftvxqzclephi'),(939,'Wine - Rioja Campo Viejo',74.39,1,'xdwiavukeeuqafqnpqqrpqkwcrdrynsgpduhnuiqtjhmelodbmhmiejmtusyljtylwgyzqazk'),(940,'Everfresh Products',92.78,1,'nbudxrbzswpuslxnmiimewlrecvsifogzuupbgevokjbnozqohwpqymwwxeyczmxwozxokeva'),(941,'Icecream - Dstk Super Cone',45.46,1,'qmjslvduczomwggqgvbpkogstueutighsjsyqcfowqoefdgbnfwngfslabhaxvkcklnlbkbln'),(942,'Bagelers - Cinn / Brown Sugar',48.69,1,'hympldxoajngpxwvtvczoxxypekzokzpawvipqwjejflzrqhkhvpfxgnuktvfjeecdwvtuuek'),(943,'Cheese - Pont Couvert',46.39,1,'uygsehtzvoidccapixlztcvzmtzqajsougljrnktklvixpuebloaiwjwkydeveqhafbixtogw'),(944,'Kaffir Lime Leaves',26.11,1,'iwxuylmvwghyxrxwyruqdrbucosnblghaarcjnoxucfaefzzmwhcsisibzlanpxollpgzucyj'),(945,'Jam - Apricot',16.75,1,'xdjmbjkyldjbmizrrpsyexrrcgmhgeyhklizjokzyydnjjoddkmuiudmzhzykljpkghduitmf'),(946,'Eel - Smoked',8.97,1,'fblwcoexfrfwhealabfywkfstzymddsuutxnyhiyasoqhkximugyxwpjldzedyjfwezlnynjm'),(947,'Rice - Long Grain',18.62,1,'vglxydjhamumteagivezlxuepnrhlpemjwasvpbjtfnvbflazdymwutodxahhssbokuahlxbv'),(948,'Sponge Cake Mix - Chocolate',2.27,1,'jynvqsadieenlbdugjriujoizqxtledfbbwpdnslydknasbojgmopwodhbmhbyykvelqfgcub'),(949,'Chips - Potato Jalapeno',10.42,1,'awdazyitqedpxxxizwtkxzyoplzhuaseswwnywnslumhtfmjefhwhndfmldyasmxebuxhpjcw'),(950,'Cake - Mini Potato Pancake',34.9,1,'txostnebshxnvkicycurjafeekpzzofrtkexjzgwnbfuoubdbjxbzuyquczfmlvkdcbrabvdh'),(951,'Tomatoes - Hot House',93.47,1,'cxktgqgbwfkheqawdvkeavpdhwmpdrjgwznsvnzggjkkfagwizudvauyfknjywcdwiqjbvrfh'),(952,'Soup - Campbells Chicken',14.09,1,'unupkwywfhmemsazmxnefpraddrhwiswznncungnlpgzvpwwpyspvjizgliwpjjzwednebgwg'),(953,'Bread - Frozen Basket Variety',49.42,1,'qyphiyhbrfjmfscwpvzwxwwrbcwhrooujvfbmrwornxaqjxxrsnsvfixjkfxmzhgxkswbgoru'),(954,'Lettuce - Radicchio',84.05,1,'bxmnbhjsduseiwriznfaqpwuaxmszstinokeyhbdxwxbpibraqcnucyrdupmgaqancqfizfav'),(955,'V8 Splash Strawberry Kiwi',97.8,1,'yhwcpejqgltovwvubjjjyrbmfqszobghjtsosicnvqxggzxfxynjzzqwmdbbiqernhvkloitu'),(956,'Sauce - Fish 25 Ozf Bottle',54.8,1,NULL),(957,'Yogurt - Peach, 175 Gr',77.7,1,'huwcjlzhmfszrvydcbdbcjqplyyoyssehqniqeiavhiveuyaidwbxkmvmmemheckgglgfaxhf'),(958,'Nut - Pumpkin Seeds',9.96,1,'rhherbhtmcezhuetuhdxlxwrxrooxqlpautmyftoqpordbyjlxxnzqjfgrsxkbwjdvwqtqwft'),(959,'Muffin Batt - Choc Chk',45.84,1,NULL),(960,'Icecream - Dstk Cml And Fdg',7.61,1,'bjgalnkrdejludyzcxnosypsuoymzoaztvryxvihamwhfwypxedxijoamuemrarripvqebtip'),(961,'Oil - Safflower',1.3,1,'krdofwaocljkllnaqoznyljdhwzrbbraczojtzkwbeketxtkxtlnzhcbrolzdcvykamczcyhn'),(962,'Wine - Montecillo Rioja Crianza',3.98,1,'layihqyjuoeknaniveufthsekuqvwmcxrhmfbnnqdzurwhgshrryziujflfdvpbqrzewhngcd'),(963,'Pepper - White, Ground',68.95,1,'qeomacvolhhskgsarmsfxmeavckorqfffasdiuhyisrrzcghqaiokdbiyfffskgaubhgwnrkn'),(964,'Wine - Chateau Timberlay',33.45,1,'qnglkyuinrgfvnuxqhekrytpyizivrqtszeccddtwlclirytgcytvmpjynkiltuqpxdsnnsds'),(965,'Maple Syrup',91.65,1,'ekxnackefpwylsiutscxtvvibgifscfbchhatdxamuwdzkftbcvtuqcmefbxuwvnjwxuhdehv'),(966,'Longos - Assorted Sandwich',28.34,1,'xnbjunmvzpuftmrbahaomcnjkzlzhjrciztuizdkffoxcksvwmmfztuolugdtoumdouszxhsi'),(967,'Kirsch - Schloss',52.82,1,'uwvcsfsxnigctsviowipdfqbmysqaprxugagwbcdpwqbrqknbzijwcbnaoamsgekrncrjqvgc'),(968,'Puff Pastry - Slab',82.39,1,NULL),(969,'Rosemary - Dry',12.75,1,'rdcjdpyldjdzcqnkgrskymsmwrfagmbrroypcdarhjtndpwjmtbdshodkfaomxgwbakpvsdps'),(970,'Chocolate - Semi Sweet',69.67,1,'ufitojhnmvxqxmkdvkjwwuqqtbcqimsittpfhjqrkhbjexwlsbaitcxqcufhrgrlkjvssgrex'),(971,'Wine - George Duboeuf Rose',53.22,1,'irsgfpnertewfntbedqtyweouvsrydmlbpcjnomcocveleuauqndpitxoppvemsnhhzhjpgfm'),(972,'Beef - Cow Feet Split',26.02,1,NULL),(973,'Glass - Juice Clear 5oz 55005',24.89,1,'ijzxzchbqduzbbtgbdrxoxumtkvehvkpwvjhfkjadltyyqoghagzhoqpjsamqfgimwfcunrgt'),(974,'Flower - Leather Leaf Fern',82.22,1,'ikctzfkboqzmqldpsmzbzpdoprsxozwxsjcqxjyvdzhuibqzjspghkryomftfyyeyipdeqbyb'),(975,'Eggplant - Asian',36.69,1,'emamfpkwbcimrnebgxvvsscjfpcbpirwoskxynkjjjriewenvztfohzyyqelsibidlhzmmpeb'),(976,'Octopus',10.86,1,'cshbrskchuggrtgbzrmlemckcnrlnsnwivqxzisxtaltdeqdqfdlizyskcnrrbafzrxvtqlnt'),(977,'Sauce - Hp',38.54,1,'zsazjzgvtqglhqckcepxerrcykfqlkqeetmofhtnwdawrcekyzicympmmbqsivaqjehozgouz'),(978,'Bread Bowl Plain',79.52,1,'fhdgbbjwsttxhjyrtoclfialcisoauuasiupvkrrjcwoctrpxizwemmqtkuxuajgopikdghnu'),(979,'Wine - Prosecco Valdobiaddene',14.08,1,'mgikwxxrnbbzaviauubxnjrkosxfcmkeezkbyaejnmrijmyninovtdbxjfxebplzvzcbppmgq'),(980,'Bread - Raisin Walnut Oval',76.23,1,'fecnciniinowunlovpgmjqnkcgszmwvxnionqqaslpviibemizffukfwmzdyzgfsgjjyzfiez'),(981,'Lettuce - Boston Bib',92.73,1,'tskkedfdshgxaavuovwxajnxdhudhyrfefnthvfzucnsrbbjzienccptsdustvbxifbzdpubf'),(982,'Wine - Taylors Reserve',41.48,1,'nyyoiiekxzrttekqvpbvduxspcvjpjbhugecfmjdaigtrofkkigvvtuwdkiarmpknznnmnjyc'),(983,'Table Cloth 53x69 White',12.78,1,'jkqnqywdijaygsdavijczpxxqqnwmwdcdwlzcbmvxwbpmsrygztvwmrbrfruivgrobzofefjb'),(984,'Chicken - Thigh, Bone In',87.36,1,'lpaxqvufpixvpfqgmthlypymlgokmnxydrzsquajankryuesmmgdociifyhbkinrvsxxjlgcq'),(985,'Sole - Fillet',4.87,1,'othirvshwdvppsnlwrgyzrkvtlykjkmmzsoxuewycfsqiugcjrbsilsscxorrjwmidyzyclfn'),(986,'Chocolate Bar - Reese Pieces',24.85,1,'ewmulpmxmnwtrzebcdtxcnbtbfkpjkannukqxlmyubyzugxhskdagkwlexjimjsdvuumspaqp'),(987,'Syrup - Monin, Irish Cream',81.22,1,'oukobfownvytrfhmplqxfqylajqtoedzpwxzqakydoygiyzferlwrvktincixdsbxqoaqhpbg'),(988,'Wine - White, Lindemans Bin 95',73.32,1,'wrrpuwrbelpwiwivflmbnencpkgnmfweztkjmhfzyyptbibooolceaoretiffzurkaogvtcet'),(989,'Butter - Salted, Micro',4.46,1,'gjzxxxrougmztewwqivzawcdvdorivhtmcllhzhtlkqovmjnvofjgkovshrqjqtuiqdqomswz'),(990,'Sour Puss - Tangerine',60.79,1,'nqiicluyoqbkvpvddnyzearqfiprigjpfmgpcrqkzrgkehfxenmzmnpujmnkglkbulzpliphs'),(991,'Crab Brie In Phyllo',15.89,1,'zppmizyyovghhlpnmzkaaywlmeaoqrazazsyiopszrgnzbchgojqwqjremicvvwhtjtotkuwg'),(992,'Juice - Tomato, 10 Oz',78.52,1,'oavdqwlucidjwfsauzujblyjeecbazzxveigzczhqisttmyojqzrkoxsnatvgeiidzepaicbb'),(993,'Water - Mineral, Natural',16.5,1,'plpcohdaofjtjnemodvtdrncwrwiahrmybhxgumdjvsiqjqllegybtgyawowkeocrzdvgcwvc'),(994,'Cheese - Colby',97.54,1,'ltvljfwpemsiudzzcuirjgykahewpvajtyvcuomzelpsovhphkcsbrffvbgoxciggslyomchr'),(995,'Table Cloth 81x81 White',78.16,1,'jcakrlnnsmzrvidanzmthibqwzlqckxqmgyvyoxfnougbxuhwyjrtmnhkabqyjsgurfphjcru'),(996,'Tart - Lemon',3.62,1,'pwyxagnojtqhiqdeljwktijqxaicdrjekqztiglwkjkhzgbbkuhxueavitollhowgkwbzzlbm'),(997,'Cheese - Gouda',49.41,1,'hmhhoqdxvfflazbnmmoxznyoabjielcuppwtizahngxmbfzjezmzyzydjktvcecerpsukshsn'),(998,'Macaroons - Homestyle Two Bit',87.38,1,'ysuyowsnjxfqtytzixflnisvrsjsuufpmrbrfpreuaurxyezuirqqahgvnylfkwhkblqhdyzp'),(999,'Worcestershire Sauce',79.34,1,'niyzjadwfzvmmmgfhwszpevnmkqlljyhfyawjxqzhhncyexcdcdwwkfvoyhwskoonzdpjmwxr'),(1000,'Glaze - Clear',13.57,1,'jcbzmxgpzyxokaqasdoargvhkkewnwmvkhvwlixkmbbuiaiuebeqnjsmwvzpqiykrbrbzyhjv'),(1001,'Juice - Prune',41.46,1,'sjazmypsfsbidpfknulchqupleytuyofxoyuxbhrrmwwhxxiocphbjpocvkplmncngadgrmnt'),(1002,'Bruschetta',5.5,1,'Pain grill avec tomates, ail et huile d\'olive.'),(1003,'Spaghetti Carbonara',12,2,'Ptes avec sauce carbonara.'),(1004,'Sushi de Saumon',8.5,3,'Sushis au saumon frais.'),(1005,'Ramen',10,4,'Soupe de nouilles japonaise.'),(1006,'Taco au Poulet',4.5,5,'Taco avec poulet pic.'),(1007,'Burrito de Buf',7.5,6,'Burrito avec buf, riz et haricots.'),(1008,'Cheeseburger',9,7,'Burger avec fromage et lgumes.'),(1009,'Frites Maison',3,8,'Frites faites maison.'),(1010,'Curry de Poulet',11,9,'Curry avec poulet et riz.'),(1011,'Samosa',2,10,'Snacks indiens pics.'),(1012,'Penne alla Vodka',13.5,11,'Ptes avec sauce vodka.'),(1013,'Udon Noodles',9.5,12,'Nouilles paisses japonaises.'),(1014,'Burrito de Haricots',6,13,'Burrito avec haricots noirs.');
/*!40000 ALTER TABLE `articles` ENABLE KEYS */;
UNLOCK TABLES;

--
-- Table structure for table `categories`
--

DROP TABLE IF EXISTS `categories`;
/*!40101 SET @saved_cs_client     = @@character_set_client */;
/*!50503 SET character_set_client = utf8mb4 */;
CREATE TABLE `categories` (
  `ID` int NOT NULL AUTO_INCREMENT,
  `titre` varchar(255) NOT NULL,
  PRIMARY KEY (`ID`)
) ENGINE=InnoDB AUTO_INCREMENT=24 DEFAULT CHARSET=utf8mb4 COLLATE=utf8mb4_0900_ai_ci;
/*!40101 SET character_set_client = @saved_cs_client */;

--
-- Dumping data for table `categories`
--

LOCK TABLES `categories` WRITE;
/*!40000 ALTER TABLE `categories` DISABLE KEYS */;
INSERT INTO `categories` VALUES (1,'Pot Pourri'),(2,'Crimson'),(3,'Maroon'),(4,'Crimson'),(5,'Khaki'),(6,'Violet'),(7,'Orange'),(8,'Turquoise'),(9,'Khaki'),(10,'Mauv'),(11,'Pink'),(12,'Crimson'),(13,'Aquamarine'),(14,'Yellow'),(15,'Blue'),(16,'Yellow'),(17,'Pink'),(18,'Khaki'),(19,'Maroon'),(20,'Turquoise'),(21,'Italiens'),(22,'Amricain'),(23,'Indien');
/*!40000 ALTER TABLE `categories` ENABLE KEYS */;
UNLOCK TABLES;

--
-- Table structure for table `commande_list`
--

DROP TABLE IF EXISTS `commande_list`;
/*!40101 SET @saved_cs_client     = @@character_set_client */;
/*!50503 SET character_set_client = utf8mb4 */;
CREATE TABLE `commande_list` (
  `ID` int NOT NULL AUTO_INCREMENT,
  `ID_article` int NOT NULL,
  `ID_commande` int NOT NULL,
  `Quantite` int NOT NULL,
  PRIMARY KEY (`ID`),
  KEY `ID_article` (`ID_article`),
  KEY `ID_commande` (`ID_commande`),
  CONSTRAINT `commande_list_ibfk_1` FOREIGN KEY (`ID_article`) REFERENCES `articles` (`ID`),
  CONSTRAINT `commande_list_ibfk_2` FOREIGN KEY (`ID_commande`) REFERENCES `commandes` (`ID`)
) ENGINE=InnoDB AUTO_INCREMENT=594 DEFAULT CHARSET=utf8mb4 COLLATE=utf8mb4_0900_ai_ci;
/*!40101 SET character_set_client = @saved_cs_client */;

--
-- Dumping data for table `commande_list`
--

LOCK TABLES `commande_list` WRITE;
/*!40000 ALTER TABLE `commande_list` DISABLE KEYS */;
INSERT INTO `commande_list` VALUES (4,426,1,2),(591,1008,7,10),(592,1000,1,3),(593,995,1,4),(594,1010,10,14),(595,1002,1,3),(596,1001,1,1),(597,1002,11,3),(599,1011,12,3),(600,1000,11,5),(601,1013,13,1),(602,1001,14,2),(603,1002,14,1),(604,1012,15,2),(605,1004,16,12),(606,1004,17,1);
/*!40000 ALTER TABLE `commande_list` ENABLE KEYS */;
UNLOCK TABLES;

--
-- Table structure for table `commandes`
--

DROP TABLE IF EXISTS `commandes`;
/*!40101 SET @saved_cs_client     = @@character_set_client */;
/*!50503 SET character_set_client = utf8mb4 */;
CREATE TABLE `commandes` (
  `ID` int NOT NULL AUTO_INCREMENT,
  `ID_client` int NOT NULL,
  `ID_restaurant` int NOT NULL,
  `ID_livraison` int DEFAULT NULL,
  `created_at` timestamp NOT NULL,
  `paid_at` timestamp NULL DEFAULT NULL,
  `updated_at` timestamp NULL DEFAULT NULL,
  `validated_at` timestamp NULL DEFAULT NULL,
  `denied_at` timestamp NULL DEFAULT NULL,
  PRIMARY KEY (`ID`),
  KEY `ID_livraison` (`ID_livraison`),
  KEY `ID_restaurant` (`ID_restaurant`),
  CONSTRAINT `commandes_ibfk_1` FOREIGN KEY (`ID_livraison`) REFERENCES `livraisons` (`ID`),
  CONSTRAINT `commandes_ibfk_2` FOREIGN KEY (`ID_restaurant`) REFERENCES `restaurants` (`ID`)
) ENGINE=InnoDB AUTO_INCREMENT=10 DEFAULT CHARSET=utf8mb4 COLLATE=utf8mb4_0900_ai_ci;
/*!40101 SET character_set_client = @saved_cs_client */;

--
-- Dumping data for table `commandes`
--

LOCK TABLES `commandes` WRITE;
/*!40000 ALTER TABLE `commandes` DISABLE KEYS */;
INSERT INTO `commandes` VALUES (1,1,1,NULL,'2024-06-14 12:38:54',NULL,NULL,NULL,NULL),(2,1,1,1,'2024-06-14 13:01:46','2024-06-14 13:11:33','2024-06-14 13:33:06','2024-06-14 13:16:45',NULL),(7,1,4,NULL,'2024-06-18 12:09:59',NULL,'2024-06-18 12:09:59',NULL,NULL),(8,1,2,NULL,'2024-06-18 13:13:53',NULL,'2024-06-18 13:13:53',NULL,NULL),(9,1,6,NULL,'2024-06-18 13:40:48',NULL,'2024-06-18 13:40:48',NULL,NULL),(10,1,5,NULL,'2024-06-19 19:53:03','2024-06-19 19:53:26','2024-06-19 19:53:26',NULL,NULL),(11,131,1,NULL,'2024-06-20 11:45:24','2024-06-20 11:57:58','2024-06-20 11:57:58',NULL,NULL),(12,131,5,NULL,'2024-06-20 11:47:04','2024-06-20 11:58:13','2024-06-20 11:58:13',NULL,NULL),(13,131,7,NULL,'2024-06-20 12:02:46',NULL,'2024-06-20 12:02:46',NULL,NULL),(14,132,1,NULL,'2024-06-20 12:43:37','2024-06-20 12:59:51','2024-06-20 12:59:51',NULL,NULL),(15,132,6,NULL,'2024-06-20 12:44:02','2024-06-20 12:44:17','2024-06-20 12:44:17',NULL,NULL),(16,132,2,NULL,'2024-06-20 12:50:16','2024-06-20 12:50:28','2024-06-20 12:50:28',NULL,NULL),(17,132,2,NULL,'2024-06-20 12:50:45',NULL,'2024-06-20 12:50:45',NULL,NULL);
/*!40000 ALTER TABLE `commandes` ENABLE KEYS */;
UNLOCK TABLES;

--
-- Table structure for table `compte`
--

DROP TABLE IF EXISTS `compte`;
/*!40101 SET @saved_cs_client     = @@character_set_client */;
/*!50503 SET character_set_client = utf8mb4 */;
CREATE TABLE `compte` (
  `ID` int NOT NULL AUTO_INCREMENT,
  `Nom` varchar(255) DEFAULT NULL,
  `Prenom` varchar(255) DEFAULT NULL,
  `email` varchar(255) DEFAULT NULL,
  `RoleID` int NOT NULL,
  `date_anniv` timestamp NULL DEFAULT NULL,
  `password` varchar(255) NOT NULL,
  `telephone` varchar(255) DEFAULT NULL,
  `is_notified` tinyint(1) NOT NULL,
  `path_pfp` varchar(255) NOT NULL,
  `created_at` timestamp NOT NULL,
  `updated_at` timestamp NOT NULL,
  `Id_parain` int DEFAULT NULL,
  `adresse` varchar(255) DEFAULT NULL,
  `deleted_at` timestamp NULL DEFAULT NULL,
  PRIMARY KEY (`ID`),
  KEY `Id_parain` (`Id_parain`),
  KEY `RoleID` (`RoleID`),
  CONSTRAINT `compte_ibfk_1` FOREIGN KEY (`Id_parain`) REFERENCES `compte` (`ID`),
  CONSTRAINT `RoleID` FOREIGN KEY (`RoleID`) REFERENCES `roles` (`RoleID`)
) ENGINE=InnoDB AUTO_INCREMENT=123 DEFAULT CHARSET=utf8mb4 COLLATE=utf8mb4_0900_ai_ci;
/*!40101 SET character_set_client = @saved_cs_client */;

--
-- Dumping data for table `compte`
--

LOCK TABLES `compte` WRITE;
/*!40000 ALTER TABLE `compte` DISABLE KEYS */;
INSERT INTO `compte` VALUES (1,'Tester','Marcus','test@test.com',1,'2012-04-23 18:25:43','$2b$10$fOmMLeJom4BlX/zYklXkmu1TdSTPddW2Wl1zPewLv/777dyqGfnhi','011111111',1,'./','2024-06-07 07:13:22','2024-06-20 09:15:51',NULL,'',NULL),(2,NULL,NULL,'test@test.com',1,'2012-04-23 18:25:43','12345678','011111111',1,'./','2024-06-06 20:11:00','2024-06-06 20:11:00',NULL,'',NULL),(3,'dfajkldskdsffk',NULL,'testttt@test.com',2,'2012-04-23 18:25:43','12345678','011111111',1,'./','2024-06-06 20:12:48','2024-06-09 20:54:36',NULL,'','2024-06-09 20:57:12'),(4,'Doe','John','testc@test.com',1,'2012-04-23 18:25:43','12345678','011111111',1,'./','2024-06-06 20:13:51','2024-06-06 20:13:51',NULL,'',NULL),(5,'Doe','John','tesctc@test.com',1,'2012-04-23 18:25:43','$2b$10$yzB1wgZ7LlvsOEq7OvTsiOtHNvzHwxJuI9Umux.NORiDBLeKGCNAO','011111111',1,'./','2024-06-06 20:15:23','2024-06-06 20:15:23',NULL,'',NULL),(6,'Doe','John','tesctfgffc@test.com',1,'2012-04-23 18:25:43','$2b$10$PKrod9LwSAfc.vD4iN19z.DRFRjgLUvNggBSF1zxHXq6/yAaOHwJm','011111111',1,'./','2024-06-06 20:47:43','2024-06-06 20:47:43',NULL,'',NULL),(7,'Doe','John','tesctfvvvvgffc@test.com',1,'2012-04-23 18:25:43','$2b$10$k/4W6laCta1QP7h2flX0NuYifAMViVBuX/Jh2FcBSFIZlYp87H0he','011111111',1,'./','2024-06-06 20:48:19','2024-06-06 20:48:19',NULL,'',NULL),(8,'Doe','John','tesctfvvvvgvxzcffc@test.com',1,'2012-04-23 18:25:43','$2b$10$lB2ICEDsdIh7ZrsMox.X7eiPodXWPnO9foYNvlOuUHmuR31hHbVSu','011111111',1,'./','2024-06-06 20:48:51','2024-06-06 20:48:51',NULL,'',NULL),(9,'Doe','John','tesctfvvvvcccgvxzcffc@test.com',2,'2012-04-23 18:25:43','$2b$10$hIPAlOvIpddqRoRvtY8jmupDXuYMNdfDkuzzYCi8y0CBex4BGYBf.','05123453255',0,'./','2024-06-06 20:50:09','2024-06-07 13:08:42',NULL,'',NULL),(10,'Doe','John','tesfddffdfddffdt@test.com',1,'2012-04-23 18:25:43','$2b$10$2KouiRkGglA5hhuNrTot7.REcQg22f4R7RMSgMKjvvf5hW4Ap4zMC','011111111',1,'./','2024-06-07 07:59:39','2024-06-07 07:59:39',NULL,'',NULL),(11,'Doe','John','tesfddffddddfddffdt@test.com',1,'2012-04-23 18:25:43','$2b$10$ot/3GnDr.ZE42LBNEKbHuutE93NCeOJE2mP7T0Qrlq./bHOM1UytS','011111111',1,'./','2024-06-07 08:27:48','2024-06-07 08:27:48',NULL,'',NULL),(12,'Doe','John','tesfddffdddffdfddffdt@test.com',1,'2012-04-23 18:25:43','$2b$10$azLbcA0wLBToSKwRZFPMBOc2HcZXqDVhjtUrs2aa3PU5fUXa0RsuS','011111111',1,'./','2024-06-07 09:09:27','2024-06-07 09:09:27',NULL,'',NULL),(13,'Doe','John','tesfddffdddffdfddffssdt@test.com',1,'2012-04-23 18:25:43','$2b$10$vbr3ORn8MmLUpSfn/tTOzuPPLrw1tnuV3LDtsVsJKqFALbEy12lda','011111111',1,'./','2024-06-07 09:09:35','2024-06-07 09:09:35',NULL,'',NULL),(14,'Doe','John','tesfddffdddffdfddffssvvvdt@test.com',1,'2012-04-23 18:25:43','$2b$10$Cn2uS5ldaEI.nmLutMVjVOzpTkhR/weiE2/WxmR.KnQvc7JJJLlhS','011111111',1,'./','2024-06-07 11:59:22','2024-06-07 11:59:22',NULL,'',NULL),(15,'Doe','John','tesfddffdddffdfddffssvvvdddt@test.com',1,'2012-04-23 18:25:43','$2b$10$XVPnvC96GXFZfiaQNLUT1OTZd4BFUxDHv4PQBZ2ukKEYSLSsxRlty','011111111',1,'./','2024-06-07 12:04:12','2024-06-07 12:04:12',NULL,'',NULL),(16,'Doe','John','tesfddffdddffdfddffssvvvddfhjgfdsadt@test.com',1,'2012-04-23 18:25:43','$2b$10$lTSX.wXGt7ZPrIenZEyieOnXoo2XPxmDOq63FlSQU5L4PTVoKAq1a','011111111',1,'./','2024-06-07 13:53:29','2024-06-07 13:53:29',NULL,'',NULL),(17,'Doe','John','arslane@test.fr',2,'2012-04-23 18:25:43','$2b$10$7RPiJt56ynRHXbDorL6l2udKGsaopseezP.FJPu7uz9jn.QVvTO1m','011111111',1,'./','2024-06-07 13:53:51','2024-06-07 13:53:51',NULL,'',NULL),(18,'Doe','John','abc@test.fr',2,'2012-04-23 18:25:43','$2b$10$MZyvwwSXWqAJQN8EYUgPD.2SSZZ92DAn8v2tbSuFdqH82XH20/MOK','011111111',1,'./','2024-06-07 13:57:46','2024-06-07 13:57:46',NULL,'',NULL),(19,'Doe','John','abc@tegst.fr',2,'2012-04-23 18:25:43','$2b$10$3c1kptqJm4X8Pf/PXJqGZO6ZUp4a5Ci39HsOp4HsTJ8YrdB0W7dfK','011111111',1,'./','2024-06-09 18:11:06','2024-06-09 18:11:06',NULL,'',NULL),(20,'Doe','John','abhhc@tegst.fr',2,'2012-04-23 18:25:43','$2b$10$j1tkTgehzEQs.ypPUiTOY.VTjo7/wj/HVJTjEFHXo7yvyIhXZQ6Xe','011111111',1,'./','2024-06-09 19:40:09','2024-06-09 19:40:09',NULL,'',NULL),(21,'Doe','John','ggabhhc@tegst.fr',1,'2012-04-23 18:25:43','$2b$10$4Yk88777/.lOmy8NtDzopeEbtIT6L6Tyw513BqmwwQKhTDhjnCQhq','011111111',1,'./','2024-06-09 19:40:21','2024-06-09 19:40:21',NULL,'',NULL),(23,'Shotboulte','Tarrance','tshotboulte0@twitter.com',5,'1997-12-16 15:19:27','$2a$04$GX5o19sP/NL5HWtLvWW5hO.g3hjPVO0qBuOA/5FvTQ2FPNc8GOsJy','+61 223 424 5596',0,'http://dummyimage.com/230x100.png/cc0000/ffffff','2024-04-26 06:08:58','2024-05-30 04:25:15',NULL,'544 Pennsylvania Trail',NULL),(24,'McIndrew','Lea','lmcindrew1@issuu.com',1,'1975-05-20 16:52:46','$2a$04$eMYYP7AVJ6Mea5qG3ghMU.1BZ7g0Mo7K7XrnvKkuyhwbgQ52E71S6','+380 546 321 8195',0,'http://dummyimage.com/171x100.png/ff4444/ffffff','2024-04-03 02:10:17','2024-05-24 00:56:34',NULL,'2 Prairie Rose Park',NULL),(25,'Copestake','Krista','kcopestake2@mail.ru',3,'1983-08-05 01:27:47','$2a$04$F2.HVktctc60kXwkbX6vG.xMvjkW0C9ZuKiC372X9ZJ.IoosJXVEm','+86 309 950 6089',1,'http://dummyimage.com/233x100.png/dddddd/000000','2024-04-09 21:54:42','2024-04-13 12:47:26',NULL,'26981 Oak Valley Hill',NULL),(26,'Swale','Dulciana','dswale3@shareasale.com',1,'2003-12-30 01:18:36','$2a$04$F9.x5izmINmSkwVjXLghceK.ECtRoRpN/xKZaw3xZ/eENUtKjICA2','+7 127 581 5085',0,'http://dummyimage.com/218x100.png/cc0000/ffffff','2024-04-26 18:06:07','2024-05-21 07:36:06',NULL,'7436 Sage Alley',NULL),(27,'Duetschens','Aimil','aduetschens4@1und1.de',1,'1976-01-27 20:58:34','$2a$04$.8XtjD6bgee.m3k2krWxmeZ7PEMznX7.wZ5MfbjwWWZdevO7WQzg2','+7 970 178 3122',1,'http://dummyimage.com/246x100.png/cc0000/ffffff','2024-01-02 06:36:50','2024-01-13 11:24:51',NULL,'0 Corben Lane',NULL),(28,'Coole','Augustin','acoole5@typepad.com',1,'1990-08-28 15:23:36','$2a$04$sJRpXNf0Q8je7MIFLS0aJOnzLBpAvKQYLLqubfyKXfd751koLtzCy','+63 803 309 5751',1,'http://dummyimage.com/166x100.png/dddddd/000000','2024-04-28 03:01:18','2024-03-15 23:44:40',NULL,'622 Eggendart Trail',NULL),(29,'Kuhne','Charmine','ckuhne6@diigo.com',5,'2017-01-09 01:51:55','$2a$04$3jBAPac/X5OwqsTh.K.v2Olkg5FOa7lVrxMEtJTpvhPxZWfbDKjay','+967 725 611 3892',0,'http://dummyimage.com/203x100.png/cc0000/ffffff','2024-03-15 16:13:33','2024-04-07 17:06:19',NULL,'3517 Glendale Hill',NULL),(30,'Aries','Sayre','saries7@cargocollective.com',4,'1988-10-03 13:55:02','$2a$04$nAIlKSTgnSc/Ht7fU.lfOeklkBVrQqyWmjQWegH4AiFsowGtHflRi','+86 149 235 5330',0,'http://dummyimage.com/200x100.png/cc0000/ffffff','2024-05-30 13:26:33','2024-03-11 12:32:19',NULL,'72534 Carey Street',NULL),(31,'Suff','Giordano','gsuff8@ocn.ne.jp',1,'2013-03-23 02:29:31','$2a$04$YLoSmN2RgTycudntbbFaJuOYa6qGsL35LYsgcdSeEcjkvmaC6qBo6','+7 149 898 8096',0,'http://dummyimage.com/238x100.png/dddddd/000000','2024-06-04 06:53:36','2024-05-29 23:11:00',NULL,'7512 Fordem Way',NULL),(32,'Crownshaw','Kenny','kcrownshaw9@histats.com',4,'2005-03-07 12:44:24','$2a$04$3bPmxK9OMMHJJCbm9SR/JutVhteFsQ21UA78DL8buZSV5rJVI71E.','+86 606 838 1339',0,'http://dummyimage.com/150x100.png/5fa2dd/ffffff','2024-05-15 13:19:07','2024-04-26 17:45:31',NULL,'723 Weeping Birch Court',NULL),(33,'McGiffie','Ludwig','lmcgiffiea@noaa.gov',2,'2009-04-05 13:22:20','$2a$04$VaPMch3rzpNoZceCRur.UuOef8JPJGLfTxS8GaOfVNriq3a1oqJv6','+880 985 306 0668',0,'http://dummyimage.com/192x100.png/5fa2dd/ffffff','2024-01-28 12:19:17','2024-01-03 12:04:41',NULL,'96397 Vernon Alley',NULL),(34,'Winsbury','Henrik','hwinsburyb@opensource.org',2,'2007-01-05 05:47:36','$2a$04$48.AAC8qjFx67PwgJXVPdujHdekUn5lqeLc.vVEDM0uIrY0REmdyS','+86 345 628 4290',0,'http://dummyimage.com/170x100.png/cc0000/ffffff','2024-02-12 19:44:57','2024-04-15 20:35:54',NULL,'00378 Oneill Road',NULL),(35,'Echallie','Jennica','jechalliec@fotki.com',2,'1992-01-24 06:42:56','$2a$04$FOGXSmSIL15nvQiZvZmuQOVaS2e7Wubgtql4zcS2KrGI3mzU2iSW.','+63 296 804 0556',0,'http://dummyimage.com/192x100.png/cc0000/ffffff','2024-05-15 10:15:46','2024-02-26 22:03:20',NULL,'4526 Derek Junction',NULL),(36,'Han','Anders','ahand@accuweather.com',3,'2014-05-09 21:50:40','$2a$04$C1gaSF4CBR6WlYj05lZFSuBWj.owXUQ/4q8qgt7yPpRapYA1oI77S','+31 865 863 3382',0,'http://dummyimage.com/119x100.png/5fa2dd/ffffff','2024-02-18 03:01:36','2024-01-01 02:48:32',NULL,'69027 Magdeline Park',NULL),(37,'Melonby','Skyler','smelonbye@sitemeter.com',1,'2020-07-30 22:48:40','$2a$04$d7HllwGosm3b8iWxXvGsku95P.tquaKjlh.FGYQucbUGyyW3EkASi','+62 914 613 5101',0,'http://dummyimage.com/152x100.png/dddddd/000000','2024-06-08 02:41:19','2024-06-04 23:06:20',NULL,'425 Huxley Pass',NULL),(38,'Duplain','Dukie','dduplainf@nsw.gov.au',2,'2016-08-11 20:59:20','$2a$04$tzLFaDrad3jUT9P7MaDbaOcHLtDRurobRwK4myTSZUwd/150wFFAC','+86 993 639 6052',1,'http://dummyimage.com/209x100.png/dddddd/000000','2024-04-25 01:53:22','2024-03-14 01:14:58',NULL,'182 Cody Center',NULL),(39,'Brakewell','Vere','vbrakewellg@lulu.com',2,'2004-11-06 13:54:05','$2a$04$0nogomx872YRmImVS8YEoOH5BzCZNH6joRQZouAwsDbKw81vUpGYi','+55 267 913 7245',0,'http://dummyimage.com/175x100.png/ff4444/ffffff','2024-02-23 07:15:06','2024-05-26 07:15:32',NULL,'56690 Glacier Hill Crossing',NULL),(40,'Pardue','Livia','lpardueh@europa.eu',5,'2023-11-06 02:22:37','$2a$04$C9r3eggm.IR8ruO1mirxX.f8vAo47iNsgLB998P1Fs2NtUCTj/0oi','+82 318 785 4807',1,'http://dummyimage.com/157x100.png/cc0000/ffffff','2024-05-10 11:01:58','2024-01-07 00:22:49',NULL,'6 Shelley Trail',NULL),(41,'McAree','Baudoin','bmcareei@yale.edu',1,'1975-12-05 12:45:30','$2a$04$7Lz74fx.Sep3JLQixGmTwOrz6fTXG1Ib45AHg8n7rGj0B2DYxmi2i','+86 409 440 3282',1,'http://dummyimage.com/112x100.png/cc0000/ffffff','2024-04-01 13:14:16','2024-05-12 08:44:56',NULL,'26 Reindahl Alley',NULL),(42,'Boatman','Onfroi','oboatmanj@wunderground.com',3,'2021-03-10 18:35:29','$2a$04$W4IiZgDYZkHFv8265E42bOEs0lwkoRc7bGLFtvVontd4PPAgG/1Oa','+1 260 252 8086',0,'http://dummyimage.com/215x100.png/5fa2dd/ffffff','2024-04-01 23:11:19','2024-04-19 08:59:00',NULL,'984 Fisk Drive',NULL),(43,'Dexter','Codi','cdexterk@dyndns.org',1,'1979-09-23 10:08:33','$2a$04$k18XpPQpW4PdcpzEZq5IbeoX89GbG7j.TOiuzl4.NN1eP9sPOdPou','+967 942 968 7687',0,'http://dummyimage.com/177x100.png/dddddd/000000','2024-01-18 15:04:16','2024-02-13 23:20:27',NULL,'6 Cambridge Way',NULL),(44,'Seally','Lana','lseallyl@dot.gov',2,'1997-07-03 18:27:56','$2a$04$yFlA5yxcB2L29O1ISTU5G.kDfupk0N.7gpJgFnxoFqzLhIpxJHqp2','+7 582 538 0683',1,'http://dummyimage.com/117x100.png/cc0000/ffffff','2024-03-13 16:51:13','2024-02-25 08:33:01',NULL,'9 Memorial Trail',NULL),(45,'Cleary','Webster','wclearym@walmart.com',2,'1972-11-05 23:09:33','$2a$04$SIONWfaVjgOio7eklQ0bl.ZR7Y6tzojTU9hbx8.WZXHC7KuPhrNFW','+30 575 719 3413',0,'http://dummyimage.com/112x100.png/ff4444/ffffff','2024-02-04 08:00:44','2024-03-11 10:47:42',NULL,'832 Fairview Plaza','2024-02-24 16:22:12'),(46,'Giscken','Ariel','agisckenn@people.com.cn',5,'2007-09-18 21:08:09','$2a$04$E6lJHgqYK8mDiylwz.ZOoeh6GByCGTyQaIUKRa.ZrBQ6RArr14cM.','+373 691 907 8074',1,'http://dummyimage.com/162x100.png/5fa2dd/ffffff','2024-01-12 23:10:45','2024-04-07 10:22:04',NULL,'90 New Castle Street',NULL),(47,'Felten','Bryana','bfelteno@bigcartel.com',4,'1997-12-20 10:15:48','$2a$04$pUkMuTY9oupMV6oN/gJvTOLdPkWjuUOezcXXj/hEeGNezywzBl37q','+33 775 491 4573',1,'http://dummyimage.com/152x100.png/5fa2dd/ffffff','2024-02-27 00:07:59','2024-04-08 11:31:57',NULL,'95286 Memorial Parkway',NULL),(48,'Oaks','Elizabet','eoaksp@auda.org.au',4,'1975-09-18 20:23:35','$2a$04$z.uK8AexgM6fQYiwg9AuBef.IncN.RbH3EmyCy4k5QAbn61eWFBqq','+258 211 649 9359',1,'http://dummyimage.com/217x100.png/ff4444/ffffff','2024-01-08 09:46:14','2024-02-25 02:56:11',NULL,'7912 Morning Center',NULL),(49,'Sertin','Kathryn','ksertinq@photobucket.com',3,'2005-04-13 15:14:27','$2a$04$bb1eMLX2QgTXbHZe/6dJQ.RwbY5M4s8drRBrK/2id13TzzHDRIWvm','+976 474 180 6076',0,'http://dummyimage.com/144x100.png/ff4444/ffffff','2024-03-26 21:20:57','2024-03-19 03:34:11',NULL,'8444 Merchant Point',NULL),(50,'Buckles','Antonino','abucklesr@economist.com',1,'2012-09-29 08:00:16','$2a$04$z5VIH9QfD4UHnqnaQ0lpcOC7pNi2EqdlEHVUsPeDRr/JNEjpr4mIa','+51 243 738 7783',1,'http://dummyimage.com/197x100.png/ff4444/ffffff','2024-03-11 21:53:09','2024-05-09 21:26:30',NULL,'914 Linden Street','2024-04-03 23:44:19'),(51,'Rustman','Susette','srustmans@linkedin.com',5,'2011-07-03 17:00:45','$2a$04$cNbCa3JdifK6qQUS9PXVZOJ9J1kM1sNh/Sl1zqSxQ6eQSi.7ria.O','+86 965 190 7641',1,'http://dummyimage.com/196x100.png/ff4444/ffffff','2024-03-11 18:26:54','2024-03-11 17:40:10',NULL,'40721 Hazelcrest Lane',NULL),(52,'Gianneschi','Eberto','egianneschit@mashable.com',3,'2014-06-28 07:54:55','$2a$04$5G7k4ea6qSQu/0d0G5SzfeJso4h0o5fyE0NPz/Y3Y5wXI5xOzFtFS','+86 311 595 9548',0,'http://dummyimage.com/179x100.png/5fa2dd/ffffff','2024-01-21 21:33:59','2024-05-08 15:47:38',NULL,'1 Hermina Way',NULL),(53,'Lagadu','Nanine','nlagaduu@indiegogo.com',2,'1973-07-06 08:29:31','$2a$04$zzURrfKMI5Fyw6x709D9fu91Owba6WFv4tjOX/lcFx6H1j/v3B15W','+256 273 166 8379',1,'http://dummyimage.com/205x100.png/dddddd/000000','2024-01-04 03:04:18','2024-03-15 20:28:12',NULL,'66 Johnson Circle',NULL),(54,'Oylett','Mar','moylettv@marriott.com',5,'1987-03-18 15:21:18','$2a$04$C6WFaUlkvH85XBYTTP3CQO4ibrvQvZgb2snW9.f722Y0TWoDkwhie','+850 662 411 8959',0,'http://dummyimage.com/205x100.png/5fa2dd/ffffff','2024-06-03 10:31:35','2024-02-15 14:59:29',NULL,'31 Almo Point',NULL),(55,'Doggerell','Birk','bdoggerellw@buzzfeed.com',1,'2007-08-27 18:17:31','$2a$04$/qwT6NlrfL5RCiKcK.zwR.iMtTyJ1bqhLY8srcAyrD2EvdZQwRawm','+502 241 268 6001',1,'http://dummyimage.com/150x100.png/cc0000/ffffff','2024-03-13 00:29:19','2024-05-24 03:51:08',NULL,'954 Crescent Oaks Trail',NULL),(56,'Morton','Haslett','hmortonx@google.cn',5,'1981-02-17 08:27:50','$2a$04$oU4Kh6U.On0b/JVhwrHV6uBOroo66/KyRnwCKtOBpXqKDUOA4dklK','+63 853 841 2668',0,'http://dummyimage.com/104x100.png/ff4444/ffffff','2024-05-08 19:51:49','2024-01-07 13:59:08',NULL,'72 Sauthoff Avenue',NULL),(57,'Hulcoop','Anatol','ahulcoopy@engadget.com',2,'2000-05-26 19:31:17','$2a$04$1vx5thb/9p.NT0g5GJdb4uPgZCaZXbTk/IwoSLdiu6mM6QP/VZi3W','+86 952 390 8355',0,'http://dummyimage.com/150x100.png/ff4444/ffffff','2024-03-28 16:54:53','2024-02-29 21:05:23',NULL,'8179 Center Point',NULL),(58,'Bourges','Odelle','obourgesz@nydailynews.com',4,'1980-05-11 13:35:19','$2a$04$k29eLkJTgUi68eda3zkQEOdwQJKurD/wBBXwlyE2TP8bbXsFsGhBK','+7 694 933 9913',0,'http://dummyimage.com/239x100.png/cc0000/ffffff','2024-01-31 22:06:45','2024-06-08 03:26:52',NULL,'702 Montana Plaza',NULL),(59,'Scroggins','Wolfy','wscroggins10@mozilla.org',4,'2015-09-18 21:55:43','$2a$04$sDCJ/Rox1StUuSFUiXasYe9WKONjNCF18dn7ZMKmL4VVZCUvF9ih6','+62 421 221 6147',1,'http://dummyimage.com/160x100.png/cc0000/ffffff','2024-01-15 13:09:12','2024-03-16 01:26:12',NULL,'283 Brentwood Plaza',NULL),(60,'Bothwell','Nerty','nbothwell11@upenn.edu',2,'2003-01-29 11:57:59','$2a$04$.sj5MNCsGKbKz0JguyHS3OOY7ZOXoRD7BjhMfzZo.EHOdzeu4p4Fy','+33 497 869 1036',1,'http://dummyimage.com/209x100.png/dddddd/000000','2024-01-23 19:10:06','2024-02-09 18:39:02',NULL,'6 Esch Avenue',NULL),(61,'L\'Homme','Horten','hlhomme12@jugem.jp',3,'2020-02-13 20:44:15','$2a$04$1mg2K8cQ1uAyWepFjQgO4.gHhCNUg0JOCEAMH3ixjE1C58wkb0xES','+506 167 842 0136',1,'http://dummyimage.com/198x100.png/dddddd/000000','2024-04-13 15:34:44','2024-03-31 14:30:15',NULL,'7575 Dapin Point',NULL),(62,'Beauly','Annetta','abeauly13@sitemeter.com',3,'2016-02-01 04:06:27','$2a$04$atl9OydJbXOvUlvA/zlu4uSE.Np1H/fcF.0y/UT2cIxKI6Yxm2iza','+45 828 791 9865',1,'http://dummyimage.com/211x100.png/cc0000/ffffff','2024-01-09 06:00:59','2024-04-17 11:31:26',NULL,'85800 Melby Point',NULL),(63,'Ronaldson','Eddy','eronaldson14@unblog.fr',2,'2023-04-28 15:49:27','$2a$04$vsI0GE8zMrOIzKdx96kJ4OdGRaZJJrpUkKsEqAgrfvpSlR.x9160u','+1 816 368 8247',0,'http://dummyimage.com/157x100.png/5fa2dd/ffffff','2024-03-02 23:25:00','2024-02-05 11:44:24',NULL,'359 Oneill Circle',NULL),(64,'Skitch','Jecho','jskitch15@home.pl',1,'1993-06-09 16:15:52','$2a$04$9D7aaTTF5eeOfu59zSL2muksAPMwYcKp5xM1reoyVZSWq9rtiT4B.','+7 222 457 9766',1,'http://dummyimage.com/209x100.png/cc0000/ffffff','2024-03-24 17:03:18','2024-03-10 07:15:54',NULL,'33209 Fieldstone Terrace',NULL),(65,'Velte','Frankie','fvelte16@cnet.com',4,'1978-12-16 16:54:30','$2a$04$dY.mkTQ/ps2HH3g3Kl/s7.c3hxbt0cB1khIsFo8EcGcKQ0vIKHvBu','+86 945 101 3412',1,'http://dummyimage.com/103x100.png/cc0000/ffffff','2024-01-17 20:28:06','2024-02-04 14:22:21',NULL,'27713 Sunbrook Place',NULL),(66,'Newling','Tatum','tnewling17@google.es',3,'2016-11-04 23:02:30','$2a$04$SI84znWw8ZwAAUvfZAzNP.rPtA92aTjHDpVXibc2GEhBviBUIK0Cm','+7 846 357 4764',1,'http://dummyimage.com/183x100.png/cc0000/ffffff','2024-05-14 00:38:26','2024-06-06 07:52:12',NULL,'54 Caliangt Court','2024-05-31 01:53:02'),(67,'Follos','Joanie','jfollos18@tripod.com',1,'2007-02-03 03:29:23','$2a$04$rRtZ/yrIZ3Ia7IKYFvML3eZwo7U4vQ102.tIRlpylBdY6nM8O/JWu','+86 387 823 8088',0,'http://dummyimage.com/134x100.png/ff4444/ffffff','2024-03-08 13:48:00','2024-05-24 09:28:45',NULL,'441 Dawn Trail',NULL),(68,'Realy','Seana','srealy19@cocolog-nifty.com',1,'2000-05-02 09:48:37','$2a$04$aF9G6U2Wfl34andfNIZHvuDfbXD4YzH2Ofbz6uT/Ch4Y/7diuq7wO','+64 680 401 8933',1,'http://dummyimage.com/221x100.png/dddddd/000000','2024-03-29 19:08:58','2024-01-11 09:03:41',NULL,'90547 Everett Hill',NULL),(69,'Bice','Alf','abice1a@prlog.org',3,'1986-12-10 17:17:36','$2a$04$DGNBQVUGdoSi/bcfXS9pz.KZzLHcHCspZHOgqeaBKC4ZqgznOK1ta','+54 486 295 0858',1,'http://dummyimage.com/197x100.png/cc0000/ffffff','2024-04-20 18:42:33','2024-04-13 13:14:00',NULL,'11 Spohn Way',NULL),(70,'Gritten','Madonna','mgritten1b@auda.org.au',2,'1997-04-26 20:01:36','$2a$04$acjf5uQw2ZQXXAZE2.Jw/OtYfnmKLIcFAqeK5Gh9mFm8fVjYboyhG','+1 209 235 4083',1,'http://dummyimage.com/126x100.png/5fa2dd/ffffff','2024-02-04 16:37:01','2024-02-25 11:08:43',NULL,'8 Amoth Crossing',NULL),(71,'Giercke','Ollie','ogiercke1c@de.vu',5,'1973-10-25 10:50:12','$2a$04$8QjiDXbw4INtvxqWQrBaju3JmstSW5QpUG4X/eURF9SPj1wgj454q','+82 521 734 6899',1,'http://dummyimage.com/209x100.png/cc0000/ffffff','2024-05-24 08:25:33','2024-04-15 10:17:31',NULL,'2502 Pine View Avenue',NULL),(72,'Tremblay','Reggis','rtremblay1d@ox.ac.uk',1,'1982-10-22 11:07:27','$2a$04$DeLI4w/GwOJ6H4q4Zvd9Peo7Gu7zpvqdAiyH0GPT/pH6ymCCCKrai','+92 113 299 0181',1,'http://dummyimage.com/113x100.png/cc0000/ffffff','2024-04-27 17:32:48','2024-05-22 16:36:30',NULL,'10103 Bunting Parkway',NULL),(73,'Gratten','Mick','mgratten1e@biblegateway.com',1,'2014-10-04 03:20:37','$2a$04$kAm3BuCHpJ3FYkBWCWZCQezUZBkLbAPjTQBsICRN/iu07CFuHSU32','+389 215 670 3595',1,'http://dummyimage.com/129x100.png/dddddd/000000','2024-02-08 09:22:53','2024-01-25 19:03:17',NULL,'548 Comanche Point',NULL),(74,'Tibbits','Gwendolyn','gtibbits1f@statcounter.com',3,'2006-11-23 14:52:42','$2a$04$GdASIazdSmnAUSutLSHI8udapP1C/9Ro9tWc73602DUkuPfQc9XoS','+46 605 859 6398',0,'http://dummyimage.com/165x100.png/cc0000/ffffff','2024-03-31 10:51:52','2024-01-11 19:41:38',NULL,'6 Bowman Crossing',NULL),(75,'Harsnipe','Harold','hharsnipe1g@thetimes.co.uk',4,'1998-06-17 23:29:43','$2a$04$zYzw6B9O5HM/6rhfJ.l26eIqswlWmjYB2cfQxXFOrXefO3O5YExFW','+351 817 778 4858',1,'http://dummyimage.com/144x100.png/ff4444/ffffff','2024-03-20 16:32:06','2024-01-12 19:46:38',NULL,'6 Fremont Drive',NULL),(76,'Hurne','Marnia','mhurne1h@furl.net',5,'1987-07-20 22:56:13','$2a$04$7hj9vCZRDhIKiT4vdR5Z2ehgT/mbamykN/r/gh.Mx4CgSD57DR/Y2','+81 811 256 7069',1,'http://dummyimage.com/119x100.png/5fa2dd/ffffff','2024-03-25 06:26:45','2024-04-23 15:40:12',NULL,'7 Golf View Hill',NULL),(77,'Cosens','Alexandrina','acosens1i@google.cn',5,'2007-03-24 00:09:11','$2a$04$/5WJegZr8TXK7Uw3JIvP2eWG/2juUf0MpfKkcrCJAWy4iwKYT3Vxu','+86 432 469 3685',1,'http://dummyimage.com/208x100.png/5fa2dd/ffffff','2024-04-30 23:05:56','2024-03-07 14:00:18',NULL,'94 Corscot Avenue','2024-02-11 03:57:30'),(78,'McKaile','Suellen','smckaile1j@lycos.com',1,'2004-07-09 17:03:11','$2a$04$vdUGLGAUodP64ap0TELM3Otu5AqJw3txQhrO8aBmP9tTRG5gC0HNy','+33 671 568 4682',0,'http://dummyimage.com/222x100.png/5fa2dd/ffffff','2024-05-25 15:36:40','2024-06-03 06:45:47',NULL,'5992 Quincy Crossing','2024-03-04 14:09:38'),(79,'Layton','Rudy','rlayton1k@miitbeian.gov.cn',5,'1977-05-14 23:04:46','$2a$04$Xzyi2/Gj4GIcFYwXxmExiOLj7.X2iURBITj471y1H2YSRkYyjeVxW','+972 673 352 3705',0,'http://dummyimage.com/163x100.png/dddddd/000000','2024-04-08 02:16:11','2024-05-11 23:47:16',NULL,'841 Dayton Plaza',NULL),(80,'Gever','Paulina','pgever1l@jigsy.com',1,'1971-02-20 16:56:10','$2a$04$e4TzjYAEoLPW80m7wK05neL5kFgn.0ZRfPr0XnJ1Pmw2d3jClueAu','+86 704 429 3397',1,'http://dummyimage.com/169x100.png/cc0000/ffffff','2024-04-15 18:49:20','2024-01-20 11:10:26',NULL,'37034 Arrowood Plaza',NULL),(81,'Hobble','Clementia','chobble1m@usnews.com',2,'1977-07-06 19:22:44','$2a$04$1oF8CfILYDJWQAy4GSfkDeaBM05cbI898kjp66g.Yl.o3WM.raxGi','+51 805 827 2637',0,'http://dummyimage.com/211x100.png/cc0000/ffffff','2024-01-30 09:06:56','2024-05-19 02:38:12',NULL,'92 Mesta Trail',NULL),(82,'Newby','Paula','pnewby1n@hostgator.com',1,'2010-09-23 05:37:16','$2a$04$nk/Eh3Pr3UTDHw3DEy9fKuxH/A0QWXAFpIsAGVBz0WIWNULlE6jZW','+63 859 678 5394',1,'http://dummyimage.com/138x100.png/dddddd/000000','2024-05-08 01:04:33','2024-02-24 00:20:34',NULL,'44938 Prentice Parkway',NULL),(83,'Arrighini','Quinlan','qarrighini1o@nsw.gov.au',4,'1994-02-07 09:57:34','$2a$04$AQCAYTicy9lcgJ7hR8W6CuVHOr93TVo3oJHf6YIlcd0sDXFrWf3Bi','+62 773 230 6003',1,'http://dummyimage.com/177x100.png/5fa2dd/ffffff','2024-04-24 01:30:27','2024-02-21 06:14:26',NULL,'1 Lien Plaza',NULL),(84,'Hairesnape','Gaye','ghairesnape1p@sohu.com',5,'1971-04-25 02:23:28','$2a$04$/6l0GvVJJf0nbIIdGsyOMOU/1upPtm8QmMm3mzK/S8Z5TvBFpxM.u','+98 999 475 0917',0,'http://dummyimage.com/197x100.png/ff4444/ffffff','2024-02-15 11:31:56','2024-02-12 09:20:30',NULL,'24909 Meadow Valley Place',NULL),(85,'Fidele','Tarrance','tfidele1q@squidoo.com',4,'2024-05-31 07:10:57','$2a$04$QjDLIDreidaLGaReQm9l9Ok9jCAJLirK93dC53g3I.WqTXaKz.rU6','+886 999 740 2933',1,'http://dummyimage.com/175x100.png/5fa2dd/ffffff','2024-04-23 17:35:19','2024-02-12 15:05:41',NULL,'3 Darwin Road',NULL),(86,'Slany','Astra','aslany1r@jugem.jp',1,'2008-10-28 09:15:12','$2a$04$7G78ADy2zut8/xkT.R64/uY.91ZZ/psgA38VeC.4knaE6bRYEHxNG','+55 350 698 4763',1,'http://dummyimage.com/101x100.png/ff4444/ffffff','2024-05-14 13:43:42','2024-02-26 08:45:12',NULL,'6463 Kim Street',NULL),(87,'Clipston','Lurleen','lclipston1s@sina.com.cn',3,'2000-10-08 14:05:22','$2a$04$7mJvecVZfjOoJvqevLRMB.N4vm7sI.nhxUTu7y94q6RI9h4bq7C6G','+998 468 504 5627',1,'http://dummyimage.com/134x100.png/ff4444/ffffff','2024-04-08 04:54:11','2024-01-11 03:33:12',NULL,'28723 Crescent Oaks Circle',NULL),(88,'Sleicht','Ingrim','isleicht1t@free.fr',5,'2012-02-03 11:47:35','$2a$04$e89Vn4TSaylcxq87H2O42OPVSf.Nlt5iBhWnASUQT8dscNet0NUJG','+62 862 766 6250',0,'http://dummyimage.com/190x100.png/ff4444/ffffff','2024-06-07 12:10:34','2024-01-03 22:33:07',NULL,'15563 Shelley Way',NULL),(89,'Dunseith','Carolee','cdunseith1u@phpbb.com',3,'1986-02-26 17:13:48','$2a$04$4P98ZUzpEn68GtNwO86fF.1pWdvHZV4JR8O4Vgl3.XoIyfP2O1ILu','+299 102 428 0491',1,'http://dummyimage.com/194x100.png/dddddd/000000','2024-03-15 15:19:22','2024-02-26 07:23:33',NULL,'8176 Caliangt Point','2024-02-02 03:42:52'),(90,'Brinkworth','Stavro','sbrinkworth1v@list-manage.com',2,'2023-06-22 06:42:22','$2a$04$Q/kAMPgpiCyAhnGw5WznIuHxOBGu5FpD46nFwMQJUDhythh7QFzom','+86 356 964 1024',1,'http://dummyimage.com/239x100.png/cc0000/ffffff','2024-01-11 16:26:58','2024-06-05 03:39:04',NULL,'920 Lake View Drive',NULL),(91,'Coulthart','Patrizio','pcoulthart1w@facebook.com',5,'1985-08-08 08:58:23','$2a$04$L2sYAkxERfhTfQPY9UxzQuNslDajtnHoTPYcjWiqB.eKLQJqqZvuq','+52 576 373 1709',0,'http://dummyimage.com/181x100.png/ff4444/ffffff','2024-02-28 08:12:14','2024-04-27 05:06:28',NULL,'3536 Portage Junction',NULL),(92,'Bewick','Dosi','dbewick1x@acquirethisname.com',5,'2004-05-27 21:41:02','$2a$04$LH7M.hZUYCxDZTbvW6kJkOGm8/R9pPlS4LpvQAQJEJyJCXNzxeQJm','+51 679 859 4900',0,'http://dummyimage.com/212x100.png/dddddd/000000','2024-06-09 23:46:47','2024-04-14 07:54:25',NULL,'5 Harper Hill',NULL),(93,'Pietraszek','Aleksandr','apietraszek1y@ifeng.com',2,'1985-01-03 20:33:48','$2a$04$ILQXaqzHuNWER8Ax3wshIu.M1M4XnIGmzT05sW.58CKXfG7oYyuf2','+7 365 773 7354',0,'http://dummyimage.com/114x100.png/dddddd/000000','2024-05-22 08:53:58','2024-03-25 00:41:08',NULL,'4 Randy Terrace',NULL),(94,'Simkiss','Kim','ksimkiss1z@ftc.gov',3,'2010-09-22 04:55:37','$2a$04$vep0uVDcYd94mK58v8r4buQ2MkNPhnY9Em1lfvOpJav8JU7EAftBi','+1 435 160 5845',0,'http://dummyimage.com/168x100.png/dddddd/000000','2024-05-08 17:36:37','2024-06-09 12:42:11',NULL,'1643 Carpenter Terrace',NULL),(95,'Flay','Orv','oflay20@nymag.com',1,'2015-01-09 01:20:30','$2a$04$d1rjcKV/8kJYJVcXxmkM/.DV9D2Gxpnh2BLEAYDvN61Fiyccyv04m','+48 626 643 2716',0,'http://dummyimage.com/201x100.png/5fa2dd/ffffff','2024-02-16 19:05:47','2024-03-18 19:47:23',NULL,'82377 Utah Court',NULL),(96,'Urquhart','Julee','jurquhart21@phoca.cz',2,'1994-03-02 08:29:24','$2a$04$2hoBTmQA50.zQXYvtFWo0uIKwzchstSMaEPQYJNZKCaS3bHhNd4SS','+52 500 230 1578',1,'http://dummyimage.com/105x100.png/dddddd/000000','2024-02-26 23:34:37','2024-02-16 09:29:40',NULL,'12 Nobel Point',NULL),(97,'Mebs','Sybil','smebs22@marketwatch.com',2,'1985-07-16 10:29:36','$2a$04$b0dS85kLhlIKAIzRv8PI6OpI51QPHCefHTcyT7PE.pPTLPpIwdEYK','+48 892 542 1364',1,'http://dummyimage.com/198x100.png/5fa2dd/ffffff','2024-03-28 07:31:35','2024-01-14 18:50:26',NULL,'90 Dawn Road',NULL),(98,'Thistleton','Jobey','jthistleton23@unesco.org',3,'2017-04-09 21:41:50','$2a$04$H0Xy0.Sq535NmIUNYi/2Cu98MxvURXwOYcrG34Cflm8W9w2mETT9y','+420 279 771 6911',0,'http://dummyimage.com/173x100.png/5fa2dd/ffffff','2024-02-12 05:43:32','2024-01-01 10:11:06',NULL,'47 Park Meadow Crossing',NULL),(99,'Featherstonhaugh','Vinnie','vfeatherstonhaugh24@bravesites.com',3,'2020-04-05 01:18:21','$2a$04$9qfUlHandkKjq867H0SMC.3ZTnjHRWRxfoLL6VXLJmvzml7Ccxjma','+1 426 174 1803',0,'http://dummyimage.com/146x100.png/ff4444/ffffff','2024-04-28 23:23:03','2024-06-03 21:14:28',NULL,'2200 Fieldstone Lane',NULL),(100,'Moughton','Rufe','rmoughton25@google.ca',2,'1979-02-11 05:27:57','$2a$04$gEI0xJbjR4FKg.tOyBt7O.pDPU3Xmx0FgBRSHIKymA/LGlJKwaYE.','+351 392 527 1051',1,'http://dummyimage.com/185x100.png/ff4444/ffffff','2024-04-03 23:25:43','2024-05-05 15:22:44',NULL,'91287 Ridge Oak Trail',NULL),(101,'Bowick','Adair','abowick26@huffingtonpost.com',3,'2003-01-17 12:25:04','$2a$04$ZUsbnMWDSKXywvDvZ8Gobe8QbHnmWBIppUmk91/DENb.Nw2mGaXR.','+86 835 104 9554',0,'http://dummyimage.com/165x100.png/ff4444/ffffff','2024-03-10 10:12:13','2024-02-27 05:32:24',NULL,'33453 Prairieview Road',NULL),(102,'Eilles','Mollie','meilles27@blogger.com',1,'1980-02-29 23:27:19','$2a$04$0CjO6cz/ea7Rud7lvoDcUO0vh3wiFub5vRQASen39bIvSNdPbVRka','+86 774 683 0963',0,'http://dummyimage.com/154x100.png/cc0000/ffffff','2024-02-04 03:19:32','2024-01-31 14:53:47',NULL,'2 Kennedy Avenue',NULL),(103,'Bernardos','Tess','tbernardos28@wordpress.org',1,'1984-12-07 00:32:16','$2a$04$xrKZmaERm7u8rJFoSjmr5.GXCRkVg3I2g/O.Fw7x0WsV7/yA8KYPy','+976 537 775 1161',1,'http://dummyimage.com/202x100.png/5fa2dd/ffffff','2024-06-01 17:29:25','2024-05-15 13:52:52',NULL,'331 Canary Crossing','2024-02-17 01:12:02'),(104,'Jenton','Massimiliano','mjenton29@who.int',4,'2012-08-30 17:46:03','$2a$04$WicvkjYqLFiVKI4kB26jVeH7rnNKR8tSxgkySe1599VLck40NPQMq','+48 299 914 3609',0,'http://dummyimage.com/114x100.png/dddddd/000000','2024-05-26 18:05:47','2024-04-03 13:25:56',NULL,'48 5th Drive',NULL),(105,'Ivey','Domini','divey2a@smugmug.com',2,'2006-02-19 01:00:40','$2a$04$E8zsbWJFjJAGxdDH9tQJVusyFhA0cKBMfu8teACQnr3EDnr81kFbe','+82 450 898 4947',1,'http://dummyimage.com/170x100.png/ff4444/ffffff','2024-04-29 00:14:37','2024-03-20 02:52:31',NULL,'13 Elgar Place',NULL),(106,'Lacase','Welby','wlacase2b@friendfeed.com',5,'1989-07-23 02:57:10','$2a$04$Hj1/t4a6.5uumENUI9QVeerphGP63B/zyS5ioWRniyPxuwvHLoqGe','+62 955 748 2727',1,'http://dummyimage.com/247x100.png/5fa2dd/ffffff','2024-03-27 17:11:47','2024-02-15 14:08:20',NULL,'65 Bunting Crossing',NULL),(107,'Cacacie','Tessi','tcacacie2c@1688.com',1,'2021-06-03 03:46:34','$2a$04$bKJBesRbrjHmTkuY.NbmIuqXZrLruNADSV5TZRT24w9uxSIzdaHDO','+63 403 939 6209',1,'http://dummyimage.com/216x100.png/5fa2dd/ffffff','2024-01-30 01:07:32','2024-05-24 13:28:57',NULL,'5677 Clarendon Parkway',NULL),(108,'Oury','Benji','boury2d@independent.co.uk',3,'1988-10-01 13:38:29','$2a$04$gFmu6ycSofrFcDjJS7oKYeDuOo8c10y5UpYuyJGgtHHKBm4CMoLsW','+48 765 666 0660',1,'http://dummyimage.com/125x100.png/5fa2dd/ffffff','2024-01-13 18:55:34','2024-04-15 03:36:47',NULL,'5 Warrior Pass',NULL),(109,'MacClure','Hayden','hmacclure2e@yelp.com',4,'2012-03-19 14:33:19','$2a$04$xfd4oO1CTlr9vs3Qgi.qz.942cY8Dh24KOP8pAVo4mpr1bfikCebq','+86 199 526 7978',0,'http://dummyimage.com/225x100.png/dddddd/000000','2024-02-16 05:46:55','2024-01-13 09:39:05',NULL,'926 Oriole Crossing',NULL),(110,'Szymonwicz','Neala','nszymonwicz2f@etsy.com',3,'1979-08-29 09:41:46','$2a$04$H/S0FtU.zK1xw9MvUYVw3OHi1pXS4jetZNMFjwQfuXpfIMIDykicC','+86 515 226 0423',0,'http://dummyimage.com/112x100.png/cc0000/ffffff','2024-01-27 10:50:58','2024-06-07 00:08:19',NULL,'25514 2nd Hill',NULL),(111,'Kettleson','Jillayne','jkettleson2g@ezinearticles.com',2,'1994-10-10 22:17:01','$2a$04$yfSkaIjL8mmplkQbSH/Y0OnxFDFQBeQUXN3cwV/O3mOPctpPLLp5y','+66 808 214 1829',0,'http://dummyimage.com/188x100.png/dddddd/000000','2024-02-11 11:33:05','2024-03-02 05:28:31',NULL,'1 Northview Plaza','2024-01-15 21:27:58'),(112,'Gallego','Auberon','agallego2h@bizjournals.com',4,'1980-09-05 06:18:29','$2a$04$0qDgwJcY44XXlAsrr2a.Fe.lft7bQdbnh.8BNl5YV1RPG4dH2Gru.','+503 978 206 6348',1,'http://dummyimage.com/185x100.png/5fa2dd/ffffff','2024-03-29 02:03:07','2024-03-03 09:44:55',NULL,'16698 Comanche Hill',NULL),(113,'Tapp','Wendall','wtapp2i@yolasite.com',1,'1995-06-27 07:29:22','$2a$04$FZBzPFr9QW7tSAOdF354Y.LPkp2KbYfpCLLvExpmCnv5cDUyqFEmK','+63 212 293 7733',1,'http://dummyimage.com/184x100.png/ff4444/ffffff','2024-03-08 07:54:48','2024-04-21 10:10:59',NULL,'8 Randy Point',NULL),(114,'Gonnelly','Domenic','dgonnelly2j@webnode.com',5,'2021-11-03 23:08:21','$2a$04$l6WZGdi83TLpPDVR9dthwuxX1krDRRh2/1uIkwDGQAG11lDlaeBs.','+55 211 718 3693',0,'http://dummyimage.com/163x100.png/cc0000/ffffff','2024-04-05 14:59:00','2024-06-05 11:48:25',NULL,'70 Eliot Parkway',NULL),(115,'Dorset','Gabbie','gdorset2k@opera.com',5,'2013-01-07 15:35:58','$2a$04$nzE9jkDmWPRSxNYoacO6nuBrfk76EvDiTBbB9g8XktMtJQfdbrF1C','+30 266 970 0278',0,'http://dummyimage.com/154x100.png/ff4444/ffffff','2024-05-07 00:25:32','2024-01-23 21:39:25',NULL,'484 Emmet Street',NULL),(116,'Barkas','King','kbarkas2l@free.fr',4,'1982-04-21 16:04:25','$2a$04$ffPF0VucMcYWMFcZ1a8tfuyKpxjUV7CF.PzoXt/4Y4nwViqoIsoo6','+81 357 683 3078',0,'http://dummyimage.com/123x100.png/dddddd/000000','2024-04-27 15:24:16','2024-05-11 01:12:04',NULL,'64 Doe Crossing Hill',NULL),(117,'Lambourn','Gerianne','glambourn2m@prweb.com',5,'2019-01-07 22:03:27','$2a$04$.dnQ6GX3xHW35w5qRlOSLekEvput6RYHaCxuzhTxhV3i9q5mR/Dge','+387 438 367 5314',0,'http://dummyimage.com/155x100.png/dddddd/000000','2024-02-21 14:15:48','2024-01-27 23:35:56',NULL,'770 Mesta Hill',NULL),(118,'Brisbane','Cordey','cbrisbane2n@slideshare.net',2,'1999-04-19 19:32:14','$2a$04$eTTdgEwihzRaNYicC8bsO.plfExIldi0EbV2bnXTHUog7MGMVNXNW','+86 979 729 9576',0,'http://dummyimage.com/209x100.png/5fa2dd/ffffff','2024-01-05 06:48:47','2024-04-07 09:32:48',NULL,'3946 Eastlawn Lane',NULL),(119,'Sibbe','Aileen','asibbe2o@newyorker.com',4,'1971-09-28 03:01:48','$2a$04$xRo9E7.8.kbZiUGdJnbT/.l2FckoRLa6pyFb2PpzrtB2gcoJ/7zyK','+7 532 416 5036',1,'http://dummyimage.com/226x100.png/5fa2dd/ffffff','2024-02-28 06:03:40','2024-01-06 02:35:40',NULL,'47 Bultman Point',NULL),(120,'Vickarman','Mattias','mvickarman2p@toplist.cz',3,'1983-04-06 12:50:03','$2a$04$O/km/7H9EdkZLTPTtPY3ju3SZHrlW6EIWTRwixR5vsLbTe8LMmnrW','+62 686 891 6704',0,'http://dummyimage.com/194x100.png/ff4444/ffffff','2024-01-11 11:55:40','2024-05-17 15:45:10',NULL,'8380 Artisan Drive',NULL),(121,'Rosendale','Boone','brosendale2q@amazonaws.com',2,'1983-08-03 09:45:01','$2a$04$aE1i8QqcoIYHTd45PJLHLO2Zs0uX7benMTGm5./VL5wHqJNLika.e','+86 784 663 1221',1,'http://dummyimage.com/189x100.png/cc0000/ffffff','2024-04-10 18:40:28','2024-02-09 19:00:17',NULL,'8 Brown Alley',NULL),(122,'Buntine','Lesley','lbuntine2r@google.com.au',5,'2009-11-19 05:28:43','$2a$04$17kbL9GM48OSiW/HBz.NF.SlzP4Lzzx88T1cVCaG7buUiqXyp1mBW','+55 709 301 6967',0,'http://dummyimage.com/170x100.png/dddddd/000000','2024-02-28 21:30:55','2024-03-25 01:24:43',NULL,'46560 Colorado Crossing',NULL),(123,'Rabouille','Lilou','lilou.rabouille@gmail.com',1,'2002-09-30 22:00:00','$2a$04$17kbL9GM48OSiW/HBz.NF.SlzP4Lzzx88T1cVCaG7buUiqXyp1mBW','0652882728',1,'blob:http://localhost:5173/92988662-590f-44c6-a7a0-49bc94514edf','2024-06-20 08:50:38','2024-06-20 10:04:42',NULL,'1764 CH DES MOULINS',NULL),(124,'Cooke','Iris','iris@ceseats.com',2,'2002-09-17 22:00:00','$2b$10$bHmUw5n3kP02gj6.aYzxm.lTnYLhq1HrtVOxTGWntWbYUVPBkF1UG','0652882728',1,'blob:http://localhost:5173/0db53244-7c78-412a-90f0-6f74080102ad','2024-06-20 09:23:00','2024-06-20 09:23:00',NULL,'1764 CH DES MOULINS',NULL),(125,'Van Der Berk','Bas','bas@ceseats.com',2,'2000-01-03 23:00:00','$2b$10$rGRBhJgVjw0s.53PaPjivOOWHFRanyM/poZfFd8XTd7VcV0T6.q.q','0652882728',1,'blob:http://localhost:5173/519ee554-35c3-462a-9f26-1ff093a3c831','2024-06-20 09:25:33','2024-06-20 09:25:33',NULL,'1764 CH DES MOULINS',NULL),(126,'Rabouille','Lilou','lilou.rabouille@gmail.co',1,'2024-06-01 22:00:00','$2b$10$v2RM0J0cpk/Mj/jv.XXNm.7pw.2PF3WAgDCpzvaSS5zOXWApNXlyu','0652882728',1,'blob:http://localhost:5173/51fc39c4-743b-42ae-bca3-8db809b6e555','2024-06-20 10:44:32','2024-06-20 10:49:27',NULL,'1764 CH DES MOULINS',NULL),(127,'a','a','a@a.a',2,'2024-06-15 22:00:00','$2b$10$qXsp7u70X4LzovHFG4G2OOYigOF0/d97h61iK2OT6mJjIdc7pyCtm','0652882728',1,'blob:http://localhost:5173/8704d817-b3db-4651-9cbd-e78293d55467','2024-06-20 10:52:42','2024-06-20 10:52:42',NULL,'1764 CH DES MOULINS',NULL),(128,'p','p','p.p@p',2,'2024-06-10 22:00:00','$2b$10$Who8i.XpqwL0nrXDImhl8ug3tiZetKZu4Z3dgeYjb48WWWsnc6e/y','0652882728',1,'blob:http://localhost:5173/67e07768-d450-4cce-a9f3-74b57b0c522c','2024-06-20 10:54:03','2024-06-20 10:55:07',NULL,'1764 CH DES MOULINS',NULL),(129,'Rabouille','Lilou','lilou@A.A',2,'2024-06-08 22:00:00','$2b$10$sI/DaR96zd0LWpOl3Dd.QOOgmXe91zuhOuBWajIUPj/hISOiYYroq','0652882728',1,'blob:http://localhost:5173/943aad9e-914b-4ace-b7d3-71f28b80fd1a','2024-06-20 10:59:27','2024-06-20 11:04:29',NULL,'1764 CH DES MOULINS',NULL),(130,'m','m','m@m.m',2,'2024-06-08 22:00:00','$2b$10$nnVGiG5zH..Nq7tZWWxM5.dSKGEHC8NWeYb9KezLHdxlTpfvmLjBS','0652882728',1,'','2024-06-20 11:06:43','2024-06-20 11:06:43',NULL,'1764 CH DES MOULINS',NULL),(131,'Rabouille','L','l.r@g.c',2,'2024-06-01 22:00:00','$2b$10$DVdJCTFPXxExe.TwLUWepuqIwVi3TNeX6A10L1jvEirla6..BqstS','0652882728',1,'','2024-06-20 11:18:22','2024-06-20 12:12:45',NULL,'1764 CH DES MOULINS',NULL),(132,'l','Lou','l.l@l',2,'2024-06-23 22:00:00','$2b$10$KHGYCnfC6qUpfhk3u2nEWukwwivB.rJ9.xqW.CRc3jJFODyDpDBsy','0652882728',1,'blob:http://localhost:5173/bcab01c7-168b-4375-bdbd-fb167afa8075','2024-06-20 12:17:05','2024-06-20 12:40:53',NULL,'1764 CH DES MOULINS',NULL);
/*!40000 ALTER TABLE `compte` ENABLE KEYS */;
UNLOCK TABLES;

--
-- Table structure for table `livraisons`
--

DROP TABLE IF EXISTS `livraisons`;
/*!40101 SET @saved_cs_client     = @@character_set_client */;
/*!50503 SET character_set_client = utf8mb4 */;
CREATE TABLE `livraisons` (
  `ID` int NOT NULL AUTO_INCREMENT,
  `id_livreur` int NOT NULL,
  `adresse_depart` varchar(255) NOT NULL,
  `adresse_livraison` varchar(255) NOT NULL,
  `type_transport` varchar(255) DEFAULT NULL,
  `created_at` timestamp NOT NULL,
  `validated_at` timestamp NULL DEFAULT NULL,
  `picked_up_at` timestamp NULL DEFAULT NULL,
  `delivered_at` timestamp NULL DEFAULT NULL,
  PRIMARY KEY (`ID`),
  KEY `id_livreur` (`id_livreur`),
  CONSTRAINT `livraisons_ibfk_1` FOREIGN KEY (`id_livreur`) REFERENCES `compte` (`ID`)
) ENGINE=InnoDB AUTO_INCREMENT=2 DEFAULT CHARSET=utf8mb4 COLLATE=utf8mb4_0900_ai_ci;
/*!40101 SET character_set_client = @saved_cs_client */;

--
-- Dumping data for table `livraisons`
--

LOCK TABLES `livraisons` WRITE;
/*!40000 ALTER TABLE `livraisons` DISABLE KEYS */;
INSERT INTO `livraisons` VALUES (1,1,'68 Rue de la boustifaille','93 Boulevard de la seine','Velo','2024-06-14 13:33:06',NULL,'2024-06-14 14:22:23',NULL);
/*!40000 ALTER TABLE `livraisons` ENABLE KEYS */;
UNLOCK TABLES;

--
-- Table structure for table `logged_session`
--

DROP TABLE IF EXISTS `logged_session`;
/*!40101 SET @saved_cs_client     = @@character_set_client */;
/*!50503 SET character_set_client = utf8mb4 */;
CREATE TABLE `logged_session` (
  `ID` int NOT NULL AUTO_INCREMENT,
  `related_account` int DEFAULT NULL,
  `token` varchar(255) NOT NULL,
  `created_at` timestamp NOT NULL,
  `updated_at` timestamp NOT NULL,
  `expires_at` timestamp NOT NULL,
  PRIMARY KEY (`ID`),
  KEY `related_account` (`related_account`),
  CONSTRAINT `logged_session_ibfk_1` FOREIGN KEY (`related_account`) REFERENCES `compte` (`ID`)
) ENGINE=InnoDB DEFAULT CHARSET=utf8mb4 COLLATE=utf8mb4_0900_ai_ci;
/*!40101 SET character_set_client = @saved_cs_client */;

--
-- Dumping data for table `logged_session`
--

LOCK TABLES `logged_session` WRITE;
/*!40000 ALTER TABLE `logged_session` DISABLE KEYS */;
/*!40000 ALTER TABLE `logged_session` ENABLE KEYS */;
UNLOCK TABLES;

--
-- Table structure for table `notifications`
--

DROP TABLE IF EXISTS `notifications`;
/*!40101 SET @saved_cs_client     = @@character_set_client */;
/*!50503 SET character_set_client = utf8mb4 */;
CREATE TABLE `notifications` (
  `NotifID` int NOT NULL AUTO_INCREMENT,
  `UserID` int NOT NULL,
  `DeviceToken` varchar(1000) NOT NULL,
  PRIMARY KEY (`NotifID`),
  KEY `UserFK` (`UserID`),
  CONSTRAINT `UserFK` FOREIGN KEY (`UserID`) REFERENCES `compte` (`ID`)
) ENGINE=InnoDB DEFAULT CHARSET=utf8mb4 COLLATE=utf8mb4_0900_ai_ci;
/*!40101 SET character_set_client = @saved_cs_client */;

--
-- Dumping data for table `notifications`
--

LOCK TABLES `notifications` WRITE;
/*!40000 ALTER TABLE `notifications` DISABLE KEYS */;
/*!40000 ALTER TABLE `notifications` ENABLE KEYS */;
UNLOCK TABLES;

--
-- Table structure for table `permission_roles`
--

DROP TABLE IF EXISTS `permission_roles`;
/*!40101 SET @saved_cs_client     = @@character_set_client */;
/*!50503 SET character_set_client = utf8mb4 */;
CREATE TABLE `permission_roles` (
  `PermissionRolesId` int NOT NULL AUTO_INCREMENT,
  `RoleID` int DEFAULT NULL,
  `PermissionID` int DEFAULT NULL,
  PRIMARY KEY (`PermissionRolesId`),
  KEY `Role_fk` (`RoleID`),
  KEY `Permission_fk` (`PermissionID`),
  CONSTRAINT `Permission_fk` FOREIGN KEY (`PermissionID`) REFERENCES `permissions` (`PermissionID`),
  CONSTRAINT `Role_fk` FOREIGN KEY (`RoleID`) REFERENCES `roles` (`RoleID`)
) ENGINE=InnoDB AUTO_INCREMENT=26 DEFAULT CHARSET=utf8mb4 COLLATE=utf8mb4_0900_ai_ci;
/*!40101 SET character_set_client = @saved_cs_client */;

--
-- Dumping data for table `permission_roles`
--

LOCK TABLES `permission_roles` WRITE;
/*!40000 ALTER TABLE `permission_roles` DISABLE KEYS */;
INSERT INTO `permission_roles` VALUES (1,1,1),(2,2,2),(3,1,3),(4,1,4),(5,1,5),(6,1,6),(7,1,7),(8,1,8),(9,1,9),(10,1,10),(11,1,11),(12,1,12),(13,1,13),(14,1,14),(15,1,15),(16,1,16),(17,1,17),(18,1,18),(19,1,19),(20,1,20),(21,1,21),(22,1,22),(23,1,23),(24,1,24),(25,1,25),(26,2,4),(27,2,5),(28,2,6),(29,2,7),(30,2,8),(31,2,9),(32,2,10),(33,2,11),(34,2,12),(35,2,22);
/*!40000 ALTER TABLE `permission_roles` ENABLE KEYS */;
UNLOCK TABLES;

--
-- Table structure for table `permissions`
--

DROP TABLE IF EXISTS `permissions`;
/*!40101 SET @saved_cs_client     = @@character_set_client */;
/*!50503 SET character_set_client = utf8mb4 */;
CREATE TABLE `permissions` (
  `PermissionID` int NOT NULL AUTO_INCREMENT,
  `Code` varchar(255) DEFAULT NULL,
  `Description` varchar(2000) DEFAULT NULL,
  PRIMARY KEY (`PermissionID`)
) ENGINE=InnoDB AUTO_INCREMENT=26 DEFAULT CHARSET=utf8mb4 COLLATE=utf8mb4_0900_ai_ci;
/*!40101 SET character_set_client = @saved_cs_client */;

--
-- Dumping data for table `permissions`
--

LOCK TABLES `permissions` WRITE;
/*!40000 ALTER TABLE `permissions` DISABLE KEYS */;
INSERT INTO `permissions` VALUES (1,'create_superuser','allow to create admin user'),(2,'get_user_self','allow user to get account information about themself'),(3,'list_users','allow to get any user or list them'),(4,'update_user',''),(5,'delete_user',''),(6,'get_order',''),(7,'list_user_orders',NULL),(8,'list_rest_orders',NULL),(9,'create_order',NULL),(10,'update_order',NULL),(11,'delete_order',NULL),(12,'pay_order',NULL),(13,'deny_order',NULL),(14,'accept_order',NULL),(15,'get_delivery',NULL),(16,'create_delivery',NULL),(17,'update_delivery',NULL),(18,'delete_delivery',NULL),(19,'validate_delivery',NULL),(20,'pickup_delivery',NULL),(21,'deliver_delivery',NULL),(22,'list_restaurants','List and get restaurants'),(23,'create_restaurant','Create restaurants'),(24,'update_restaurant','Update a restaurant'),(25,'delete_restaurant','Delete a restaurant');
/*!40000 ALTER TABLE `permissions` ENABLE KEYS */;
UNLOCK TABLES;

--
-- Table structure for table `restaurants`
--

DROP TABLE IF EXISTS `restaurants`;
/*!40101 SET @saved_cs_client     = @@character_set_client */;
/*!50503 SET character_set_client = utf8mb4 */;
CREATE TABLE `restaurants` (
  `ID` int NOT NULL AUTO_INCREMENT,
  `ID_restaurateur` int NOT NULL,
  `Nom` varchar(255) NOT NULL,
  `Adresse` varchar(255) NOT NULL,
  `ID_tag` int NOT NULL,
  `Description` varchar(255) DEFAULT NULL,
  PRIMARY KEY (`ID`),
  KEY `ID_restaurateur` (`ID_restaurateur`),
  KEY `ID_tag` (`ID_tag`),
  CONSTRAINT `restaurants_ibfk_1` FOREIGN KEY (`ID_restaurateur`) REFERENCES `compte` (`ID`),
  CONSTRAINT `restaurants_ibfk_2` FOREIGN KEY (`ID_tag`) REFERENCES `categories` (`ID`)
) ENGINE=InnoDB AUTO_INCREMENT=15 DEFAULT CHARSET=utf8mb4 COLLATE=utf8mb4_0900_ai_ci;
/*!40101 SET character_set_client = @saved_cs_client */;

--
-- Dumping data for table `restaurants`
--

LOCK TABLES `restaurants` WRITE;
/*!40000 ALTER TABLE `restaurants` DISABLE KEYS */;
INSERT INTO `restaurants` VALUES (1,1,'Au Tonton Flingu','68 Rue De La Boustifaille',1,'test'),(2,1,'nom','adresse',1,'description'),(3,2,'dbfjrk','trou du cul sur siagne',15,' du resto'),(4,2,'MacDo','La Seine ou jsp quoi',2,'kjhgfds hgfds edc uhbgfd'),(5,1,'La Dolce Vita','10 Rue de la Pasta, Rome',1,'Cuisine italienne traditionnelle.'),(6,2,'Sushi Master','20 Rue de la Mer, Tokyo',2,'Les meilleurs sushis de la ville.'),(7,3,'El Taco Loco','30 Rue de la Fiesta, Mexico',3,'Cuisine mexicaine authentique.'),(8,4,'Burger Heaven','40 Avenue du Bon Got, New York',4,'Les meilleurs burgers de la ville.'),(9,5,'Spicy Curry','50 Avenue du Got, Delhi',5,'Cuisine indienne pice et savoureuse.'),(10,1,'Pasta Paradise','11 Rue de la Pasta, Rome',1,'Varit de ptes et de sauces.'),(11,2,'Noodle House','21 Rue de la Mer, Tokyo',2,'Nouilles japonaises artisanales.'),(12,3,'Burrito Bliss','31 Rue de la Fiesta, Mexico',3,'Burritos delicieux et varies.'),(13,1,'La chevre d\'or','06530 Cabris',1,'Restaurant gastronomique'),(14,1,'Le bistro des saveurs','06530 Le Tignet',1,'Restaurant gastronomique');
/*!40000 ALTER TABLE `restaurants` ENABLE KEYS */;
UNLOCK TABLES;

--
-- Table structure for table `roles`
--

DROP TABLE IF EXISTS `roles`;
/*!40101 SET @saved_cs_client     = @@character_set_client */;
/*!50503 SET character_set_client = utf8mb4 */;
CREATE TABLE `roles` (
  `RoleID` int NOT NULL AUTO_INCREMENT,
  `RoleTitle` varchar(50) DEFAULT NULL,
  `RoleDescription` varchar(2000) DEFAULT NULL,
  PRIMARY KEY (`RoleID`)
) ENGINE=InnoDB AUTO_INCREMENT=6 DEFAULT CHARSET=utf8mb4 COLLATE=utf8mb4_0900_ai_ci;
/*!40101 SET character_set_client = @saved_cs_client */;

--
-- Dumping data for table `roles`
--

LOCK TABLES `roles` WRITE;
/*!40000 ALTER TABLE `roles` DISABLE KEYS */;
INSERT INTO `roles` VALUES (1,'Testeur','Role de test'),(2,'customer','Customer Account'),(3,'restaurant','Restaurant Manager Account'),(4,'delivery','Delivery Driver Account'),(5,'commercial','bla bla');
/*!40000 ALTER TABLE `roles` ENABLE KEYS */;
UNLOCK TABLES;

--
-- Table structure for table `section`
--

DROP TABLE IF EXISTS `section`;
/*!40101 SET @saved_cs_client     = @@character_set_client */;
/*!50503 SET character_set_client = utf8mb4 */;
CREATE TABLE `section` (
  `ID` int NOT NULL AUTO_INCREMENT,
  `ID_restaurant` int NOT NULL,
  `titre_section` varchar(255) NOT NULL,
  `Description` varchar(255) DEFAULT NULL,
  PRIMARY KEY (`ID`),
  KEY `ID_restaurant` (`ID_restaurant`),
  CONSTRAINT `section_ibfk_1` FOREIGN KEY (`ID_restaurant`) REFERENCES `restaurants` (`ID`)
) ENGINE=InnoDB AUTO_INCREMENT=14 DEFAULT CHARSET=utf8mb4 COLLATE=utf8mb4_0900_ai_ci;
/*!40101 SET character_set_client = @saved_cs_client */;

--
-- Dumping data for table `section`
--

LOCK TABLES `section` WRITE;
/*!40000 ALTER TABLE `section` DISABLE KEYS */;
INSERT INTO `section` VALUES (1,1,'Sandbox','Penser  drop avant le 21/06'),(2,1,'Pasta','Plats de ptes divers.'),(3,2,'Sushis','Sushis et sashimis.'),(4,2,'Plats Chauds','Plats cuisins japonais.'),(5,3,'Tacos','Varit de tacos.'),(6,3,'Burritos','Burritos gnreux.'),(7,4,'Burgers','Burgers de qualit.'),(8,4,'Frites','Diffrentes sortes de frites.'),(9,5,'Currys','Divers types de curry.'),(10,5,'Snacks','Snacks pics.'),(11,6,'Pasta Specials','Ptes spciales et sauces.'),(12,7,'Noodles','Nouilles varies.'),(13,8,'Burrito Delights','Burritos spciaux.');
/*!40000 ALTER TABLE `section` ENABLE KEYS */;
UNLOCK TABLES;

--
-- Final view structure for view `V_GestionComm`
--

/*!50001 DROP VIEW IF EXISTS `V_GestionComm`*/;
/*!50001 SET @saved_cs_client          = @@character_set_client */;
/*!50001 SET @saved_cs_results         = @@character_set_results */;
/*!50001 SET @saved_col_connection     = @@collation_connection */;
/*!50001 SET character_set_client      = utf8mb4 */;
/*!50001 SET character_set_results     = utf8mb4 */;
/*!50001 SET collation_connection      = utf8mb4_0900_ai_ci */;
/*!50001 CREATE ALGORITHM=UNDEFINED */
/*!50013 DEFINER=`root`@`%` SQL SECURITY DEFINER */
/*!50001 VIEW `V_GestionComm` AS select `C`.`ID` AS `COMMANDE`,`CL`.`ID` AS `CONTENU`,`T`.`TotalPrix` AS `PRIX`,`R`.`ID` AS `RESTO_ID`,`R`.`Nom` AS `RESTO_NOM`,`U`.`ID` AS `LIVREUR_ID`,((0 <> `U`.`Prenom`) or (0 <> ' ') or (0 <> `U`.`Nom`)) AS `LIVREUR_NOM`,`L`.`ID` AS `LIVRAISON_ID`,(case when (`L`.`validated_at` is not null) then 'Valide' when (`L`.`delivered_at` is not null) then 'Livre' when (`L`.`picked_up_at` is not null) then 'En livraison' when (`L`.`created_at` is not null) then 'Attente livreur' else 'En prparation' end) AS `LIVRAISON_ETAT`,`L`.`adresse_livraison` AS `CLIENT_ADRESSE` from (((((`commandes` `C` join `commande_list` `CL`) join `restaurants` `R`) join `compte` `U`) join `livraisons` `L`) join `V_TotalCommande` `T`) where ((`C`.`ID` = `CL`.`ID_commande`) and (`C`.`ID_restaurant` = `R`.`ID`) and (`C`.`ID_livraison` = `L`.`ID`) and (`U`.`ID` = `L`.`id_livreur`) and (`C`.`ID` = `T`.`ID`)) */;
/*!50001 SET character_set_client      = @saved_cs_client */;
/*!50001 SET character_set_results     = @saved_cs_results */;
/*!50001 SET collation_connection      = @saved_col_connection */;

--
-- Final view structure for view `V_GraphPrix`
--

/*!50001 DROP VIEW IF EXISTS `V_GraphPrix`*/;
/*!50001 SET @saved_cs_client          = @@character_set_client */;
/*!50001 SET @saved_cs_results         = @@character_set_results */;
/*!50001 SET @saved_col_connection     = @@collation_connection */;
/*!50001 SET character_set_client      = utf8mb4 */;
/*!50001 SET character_set_results     = utf8mb4 */;
/*!50001 SET collation_connection      = utf8mb4_0900_ai_ci */;
/*!50001 CREATE ALGORITHM=UNDEFINED */
/*!50013 DEFINER=`root`@`%` SQL SECURITY DEFINER */
/*!50001 VIEW `V_GraphPrix` AS with recursive `AnnRange` as (select (now() - interval 1 year) AS `StartDate` union all select (`AnnRange`.`StartDate` + interval 1 day) AS `DATE_ADD(StartDate, INTERVAL 1 DAY)` from `AnnRange` where (`AnnRange`.`StartDate` < now())) select sum(`P`.`TotalComm`) AS `Benef`,cast(date_format(`P`.`dat`,'%Y-%m-%d') as datetime) AS `Jours` from (`V_PrixComm` `P` join `AnnRange` `A`) where (date_format(`P`.`dat`,'%Y-%m-%d') = date_format(`A`.`StartDate`,'%Y-%m-%d')) group by `Jours` */;
/*!50001 SET character_set_client      = @saved_cs_client */;
/*!50001 SET character_set_results     = @saved_cs_results */;
/*!50001 SET collation_connection      = @saved_col_connection */;

--
-- Final view structure for view `V_PrixComm`
--

/*!50001 DROP VIEW IF EXISTS `V_PrixComm`*/;
/*!50001 SET @saved_cs_client          = @@character_set_client */;
/*!50001 SET @saved_cs_results         = @@character_set_results */;
/*!50001 SET @saved_col_connection     = @@collation_connection */;
/*!50001 SET character_set_client      = utf8mb4 */;
/*!50001 SET character_set_results     = utf8mb4 */;
/*!50001 SET collation_connection      = utf8mb4_0900_ai_ci */;
/*!50001 CREATE ALGORITHM=UNDEFINED */
/*!50013 DEFINER=`root`@`%` SQL SECURITY DEFINER */
/*!50001 VIEW `V_PrixComm` AS select `C`.`ID` AS `ID`,sum(`T`.`TotalInd`) AS `TotalComm`,`C`.`validated_at` AS `dat` from (((`commande_list` `CL` join `commandes` `C`) join `articles` `A`) join `V_TotalArticles` `T`) where ((`CL`.`ID_commande` = `C`.`ID`) and (`T`.`ID` = `CL`.`ID`) and (`C`.`validated_at` is not null)) group by `CL`.`ID` */;
/*!50001 SET character_set_client      = @saved_cs_client */;
/*!50001 SET character_set_results     = @saved_cs_results */;
/*!50001 SET collation_connection      = @saved_col_connection */;

--
-- Final view structure for view `V_TotalArticles`
--

/*!50001 DROP VIEW IF EXISTS `V_TotalArticles`*/;
/*!50001 SET @saved_cs_client          = @@character_set_client */;
/*!50001 SET @saved_cs_results         = @@character_set_results */;
/*!50001 SET @saved_col_connection     = @@collation_connection */;
/*!50001 SET character_set_client      = utf8mb4 */;
/*!50001 SET character_set_results     = utf8mb4 */;
/*!50001 SET collation_connection      = utf8mb4_0900_ai_ci */;
/*!50001 CREATE ALGORITHM=UNDEFINED */
/*!50013 DEFINER=`root`@`%` SQL SECURITY DEFINER */
/*!50001 VIEW `V_TotalArticles` AS select `CL`.`ID` AS `ID`,`CL`.`ID_commande` AS `ID_commande`,`CL`.`ID_article` AS `ID_article`,`CL`.`Quantite` AS `Quantite`,`A`.`prix` AS `prix`,(`CL`.`Quantite` * `A`.`prix`) AS `TotalInd` from (`commande_list` `CL` join `articles` `A`) where (`CL`.`ID_article` = `A`.`ID`) */;
/*!50001 SET character_set_client      = @saved_cs_client */;
/*!50001 SET character_set_results     = @saved_cs_results */;
/*!50001 SET collation_connection      = @saved_col_connection */;

--
-- Final view structure for view `V_TotalCommande`
--

/*!50001 DROP VIEW IF EXISTS `V_TotalCommande`*/;
/*!50001 SET @saved_cs_client          = @@character_set_client */;
/*!50001 SET @saved_cs_results         = @@character_set_results */;
/*!50001 SET @saved_col_connection     = @@collation_connection */;
/*!50001 SET character_set_client      = utf8mb4 */;
/*!50001 SET character_set_results     = utf8mb4 */;
/*!50001 SET collation_connection      = utf8mb4_0900_ai_ci */;
/*!50001 CREATE ALGORITHM=UNDEFINED */
/*!50013 DEFINER=`root`@`%` SQL SECURITY DEFINER */
/*!50001 VIEW `V_TotalCommande` AS select `C`.`ID` AS `ID`,`CL`.`ID_commande` AS `ID_commande`,sum(`T`.`TotalInd`) AS `TotalPrix` from ((`commande_list` `CL` join `commandes` `C`) join `V_TotalArticles` `T`) where ((`CL`.`ID_commande` = `C`.`ID`) and (`C`.`ID` = `T`.`ID`)) group by `CL`.`ID_commande` */;
/*!50001 SET character_set_client      = @saved_cs_client */;
/*!50001 SET character_set_results     = @saved_cs_results */;
/*!50001 SET collation_connection      = @saved_col_connection */;
/*!40103 SET TIME_ZONE=@OLD_TIME_ZONE */;

/*!40101 SET SQL_MODE=@OLD_SQL_MODE */;
/*!40014 SET FOREIGN_KEY_CHECKS=@OLD_FOREIGN_KEY_CHECKS */;
/*!40014 SET UNIQUE_CHECKS=@OLD_UNIQUE_CHECKS */;
/*!40101 SET CHARACTER_SET_CLIENT=@OLD_CHARACTER_SET_CLIENT */;
/*!40101 SET CHARACTER_SET_RESULTS=@OLD_CHARACTER_SET_RESULTS */;
/*!40101 SET COLLATION_CONNECTION=@OLD_COLLATION_CONNECTION */;
/*!40111 SET SQL_NOTES=@OLD_SQL_NOTES */;

-- Dump completed on 2024-06-19 12:30:43
